type,Province Name,Province Code,City Name,City Code,Area Name,Area Code
省份,上海市（沪）,310000
城市,上海市（沪）,310000,上海市,310000
区县,上海市（沪）,310000,上海市,310000,黄浦区,310101
区县,上海市（沪）,310000,上海市,310000,徐汇区,310104
区县,上海市（沪）,310000,上海市,310000,长宁区,310105
区县,上海市（沪）,310000,上海市,310000,静安区,310106
区县,上海市（沪）,310000,上海市,310000,普陀区,310107
区县,上海市（沪）,310000,上海市,310000,虹口区,310109
区县,上海市（沪）,310000,上海市,310000,杨浦区,310110
区县,上海市（沪）,310000,上海市,310000,闵行区,310112
区县,上海市（沪）,310000,上海市,310000,宝山区,310113
区县,上海市（沪）,310000,上海市,310000,嘉定区,310114
区县,上海市（沪）,310000,上海市,310000,浦东新区,310115
区县,上海市（沪）,310000,上海市,310000,金山区,310116
区县,上海市（沪）,310000,上海市,310000,松江区,310117
区县,上海市（沪）,310000,上海市,310000,青浦区,310118
区县,上海市（沪）,310000,上海市,310000,奉贤区,310120
区县,上海市（沪）,310000,上海市,310000,崇明区,310151
省份,江苏省（苏）,320000
城市,江苏省（苏）,320000,南京市,320100
区县,江苏省（苏）,320000,南京市,320100,玄武区,320102
区县,江苏省（苏）,320000,南京市,320100,秦淮区,320104
区县,江苏省（苏）,320000,南京市,320100,建邺区,320105
区县,江苏省（苏）,320000,南京市,320100,鼓楼区,320106
区县,江苏省（苏）,320000,南京市,320100,浦口区,320111
区县,江苏省（苏）,320000,南京市,320100,栖霞区,320113
区县,江苏省（苏）,320000,南京市,320100,雨花台区,320114
区县,江苏省（苏）,320000,南京市,320100,江宁区,320115
区县,江苏省（苏）,320000,南京市,320100,六合区,320116
区县,江苏省（苏）,320000,南京市,320100,溧水区,320117
区县,江苏省（苏）,320000,南京市,320100,高淳区,320118
城市,江苏省（苏）,320000,无锡市,320200
区县,江苏省（苏）,320000,无锡市,320200,梁溪区,320213
区县,江苏省（苏）,320000,无锡市,320200,锡山区,320205
区县,江苏省（苏）,320000,无锡市,320200,惠山区,320206
区县,江苏省（苏）,320000,无锡市,320200,滨湖区,320211
区县,江苏省（苏）,320000,无锡市,320200,新吴区,320214
区县,江苏省（苏）,320000,无锡市,320200,江阴市,320281
区县,江苏省（苏）,320000,无锡市,320200,宜兴市,320282
城市,江苏省（苏）,320000,徐州市,320300
区县,江苏省（苏）,320000,徐州市,320300,云龙区,320303
区县,江苏省（苏）,320000,徐州市,320300,鼓楼区,320302
区县,江苏省（苏）,320000,徐州市,320300,贾汪区,320305
区县,江苏省（苏）,320000,徐州市,320300,泉山区,320311
区县,江苏省（苏）,320000,徐州市,320300,铜山区,320312
区县,江苏省（苏）,320000,徐州市,320300,新沂市,320381
区县,江苏省（苏）,320000,徐州市,320300,邳州市,320382
区县,江苏省（苏）,320000,徐州市,320300,丰县,320321
区县,江苏省（苏）,320000,徐州市,320300,沛县,320322
区县,江苏省（苏）,320000,徐州市,320300,睢宁县,320324
城市,江苏省（苏）,320000,常州市,320400
区县,江苏省（苏）,320000,常州市,320400,新北区,320411
区县,江苏省（苏）,320000,常州市,320400,天宁区,320402
区县,江苏省（苏）,320000,常州市,320400,钟楼区,320404
区县,江苏省（苏）,320000,常州市,320400,武进区,320412
区县,江苏省（苏）,320000,常州市,320400,金坛区,320413
区县,江苏省（苏）,320000,常州市,320400,溧阳市,320481
城市,江苏省（苏）,320000,苏州市,320500
区县,江苏省（苏）,320000,苏州市,320500,姑苏区,320508
区县,江苏省（苏）,320000,苏州市,320500,虎丘区,320505
区县,江苏省（苏）,320000,苏州市,320500,吴中区,320506
区县,江苏省（苏）,320000,苏州市,320500,相城区,320507
区县,江苏省（苏）,320000,苏州市,320500,吴江区,320509
区县,江苏省（苏）,320000,苏州市,320500,常熟市,320581
区县,江苏省（苏）,320000,苏州市,320500,张家港市,320582
区县,江苏省（苏）,320000,苏州市,320500,昆山市,320583
区县,江苏省（苏）,320000,苏州市,320500,太仓市,320585
城市,江苏省（苏）,320000,南通市,320600
区县,江苏省（苏）,320000,南通市,320600,崇川区,320613
区县,江苏省（苏）,320000,南通市,320600,通州区,320612
区县,江苏省（苏）,320000,南通市,320600,海门区,320614
区县,江苏省（苏）,320000,南通市,320600,启东市,320681
区县,江苏省（苏）,320000,南通市,320600,如皋市,320682
区县,江苏省（苏）,320000,南通市,320600,海安市,320685
区县,江苏省（苏）,320000,南通市,320600,如东县,320623
城市,江苏省（苏）,320000,连云港市,320700
区县,江苏省（苏）,320000,连云港市,320700,海州区,320706
区县,江苏省（苏）,320000,连云港市,320700,连云区,320703
区县,江苏省（苏）,320000,连云港市,320700,赣榆区,320707
区县,江苏省（苏）,320000,连云港市,320700,东海县,320722
区县,江苏省（苏）,320000,连云港市,320700,灌云县,320723
区县,江苏省（苏）,320000,连云港市,320700,灌南县,320724
城市,江苏省（苏）,320000,淮安市,320800
区县,江苏省（苏）,320000,淮安市,320800,淮安区,320803
区县,江苏省（苏）,320000,淮安市,320800,淮阴区,320804
区县,江苏省（苏）,320000,淮安市,320800,清江浦区,320812
区县,江苏省（苏）,320000,淮安市,320800,洪泽区,320813
区县,江苏省（苏）,320000,淮安市,320800,涟水县,320826
区县,江苏省（苏）,320000,淮安市,320800,盱眙县,320830
区县,江苏省（苏）,320000,淮安市,320800,金湖县,320831
城市,江苏省（苏）,320000,盐城市,320900
区县,江苏省（苏）,320000,盐城市,320900,亭湖区,320902
区县,江苏省（苏）,320000,盐城市,320900,盐都区,320903
区县,江苏省（苏）,320000,盐城市,320900,大丰区,320904
区县,江苏省（苏）,320000,盐城市,320900,东台市,320981
区县,江苏省（苏）,320000,盐城市,320900,响水县,320921
区县,江苏省（苏）,320000,盐城市,320900,滨海县,320922
区县,江苏省（苏）,320000,盐城市,320900,阜宁县,320923
区县,江苏省（苏）,320000,盐城市,320900,射阳县,320924
区县,江苏省（苏）,320000,盐城市,320900,建湖县,320925
城市,江苏省（苏）,320000,扬州市,321000
区县,江苏省（苏）,320000,扬州市,321000,邗江区,321003
区县,江苏省（苏）,320000,扬州市,321000,广陵区,321002
区县,江苏省（苏）,320000,扬州市,321000,江都区,321012
区县,江苏省（苏）,320000,扬州市,321000,仪征市,321081
区县,江苏省（苏）,320000,扬州市,321000,高邮市,321084
区县,江苏省（苏）,320000,扬州市,321000,宝应县,321023
城市,江苏省（苏）,320000,镇江市,321100
区县,江苏省（苏）,320000,镇江市,321100,京口区,321102
区县,江苏省（苏）,320000,镇江市,321100,润州区,321111
区县,江苏省（苏）,320000,镇江市,321100,丹徒区,321112
区县,江苏省（苏）,320000,镇江市,321100,丹阳市,321181
区县,江苏省（苏）,320000,镇江市,321100,扬中市,321182
区县,江苏省（苏）,320000,镇江市,321100,句容市,321183
城市,江苏省（苏）,320000,泰州市,321200
区县,江苏省（苏）,320000,泰州市,321200,海陵区,321202
区县,江苏省（苏）,320000,泰州市,321200,高港区,321203
区县,江苏省（苏）,320000,泰州市,321200,姜堰区,321204
区县,江苏省（苏）,320000,泰州市,321200,兴化市,321281
区县,江苏省（苏）,320000,泰州市,321200,靖江市,321282
区县,江苏省（苏）,320000,泰州市,321200,泰兴市,321283
城市,江苏省（苏）,320000,宿迁市,321300
区县,江苏省（苏）,320000,宿迁市,321300,宿城区,321302
区县,江苏省（苏）,320000,宿迁市,321300,宿豫区,321311
区县,江苏省（苏）,320000,宿迁市,321300,沭阳县,321322
区县,江苏省（苏）,320000,宿迁市,321300,泗阳县,321323
区县,江苏省（苏）,320000,宿迁市,321300,泗洪县,321324
省份,浙江省（浙）,330000
城市,浙江省（浙）,330000,杭州市,330100
区县,浙江省（浙）,330000,杭州市,330100,上城区,330102
区县,浙江省（浙）,330000,杭州市,330100,拱墅区,330105
区县,浙江省（浙）,330000,杭州市,330100,西湖区,330106
区县,浙江省（浙）,330000,杭州市,330100,滨江区,330108
区县,浙江省（浙）,330000,杭州市,330100,萧山区,330109
区县,浙江省（浙）,330000,杭州市,330100,余杭区,330110
区县,浙江省（浙）,330000,杭州市,330100,富阳区,330111
区县,浙江省（浙）,330000,杭州市,330100,临安区,330112
区县,浙江省（浙）,330000,杭州市,330100,临平区,330113
区县,浙江省（浙）,330000,杭州市,330100,钱塘区,330114
区县,浙江省（浙）,330000,杭州市,330100,建德市,330182
区县,浙江省（浙）,330000,杭州市,330100,桐庐县,330122
区县,浙江省（浙）,330000,杭州市,330100,淳安县,330127
城市,浙江省（浙）,330000,宁波市,330200
区县,浙江省（浙）,330000,宁波市,330200,海曙区,330203
区县,浙江省（浙）,330000,宁波市,330200,江北区,330205
区县,浙江省（浙）,330000,宁波市,330200,北仑区,330206
区县,浙江省（浙）,330000,宁波市,330200,镇海区,330211
区县,浙江省（浙）,330000,宁波市,330200,鄞州区,330212
区县,浙江省（浙）,330000,宁波市,330200,奉化区,330213
区县,浙江省（浙）,330000,宁波市,330200,余姚市,330281
区县,浙江省（浙）,330000,宁波市,330200,慈溪市,330282
区县,浙江省（浙）,330000,宁波市,330200,象山县,330225
区县,浙江省（浙）,330000,宁波市,330200,宁海县,330226
城市,浙江省（浙）,330000,温州市,330300
区县,浙江省（浙）,330000,温州市,330300,鹿城区,330302
区县,浙江省（浙）,330000,温州市,330300,龙湾区,330303
区县,浙江省（浙）,330000,温州市,330300,瓯海区,330304
区县,浙江省（浙）,330000,温州市,330300,洞头区,330305
区县,浙江省（浙）,330000,温州市,330300,瑞安市,330381
区县,浙江省（浙）,330000,温州市,330300,乐清市,330382
区县,浙江省（浙）,330000,温州市,330300,龙港市,330383
区县,浙江省（浙）,330000,温州市,330300,永嘉县,330324
区县,浙江省（浙）,330000,温州市,330300,平阳县,330326
区县,浙江省（浙）,330000,温州市,330300,苍南县,330327
区县,浙江省（浙）,330000,温州市,330300,文成县,330328
区县,浙江省（浙）,330000,温州市,330300,泰顺县,330329
城市,浙江省（浙）,330000,嘉兴市,330400
区县,浙江省（浙）,330000,嘉兴市,330400,南湖区,330402
区县,浙江省（浙）,330000,嘉兴市,330400,秀洲区,330411
区县,浙江省（浙）,330000,嘉兴市,330400,海宁市,330481
区县,浙江省（浙）,330000,嘉兴市,330400,平湖市,330482
区县,浙江省（浙）,330000,嘉兴市,330400,桐乡市,330483
区县,浙江省（浙）,330000,嘉兴市,330400,嘉善县,330421
区县,浙江省（浙）,330000,嘉兴市,330400,海盐县,330424
城市,浙江省（浙）,330000,湖州市,330500
区县,浙江省（浙）,330000,湖州市,330500,吴兴区,330502
区县,浙江省（浙）,330000,湖州市,330500,南浔区,330503
区县,浙江省（浙）,330000,湖州市,330500,德清县,330521
区县,浙江省（浙）,330000,湖州市,330500,长兴县,330522
区县,浙江省（浙）,330000,湖州市,330500,安吉县,330523
城市,浙江省（浙）,330000,绍兴市,330600
区县,浙江省（浙）,330000,绍兴市,330600,越城区,330602
区县,浙江省（浙）,330000,绍兴市,330600,柯桥区,330603
区县,浙江省（浙）,330000,绍兴市,330600,上虞区,330604
区县,浙江省（浙）,330000,绍兴市,330600,诸暨市,330681
区县,浙江省（浙）,330000,绍兴市,330600,嵊州市,330683
区县,浙江省（浙）,330000,绍兴市,330600,新昌县,330624
城市,浙江省（浙）,330000,金华市,330700
区县,浙江省（浙）,330000,金华市,330700,婺城区,330702
区县,浙江省（浙）,330000,金华市,330700,金东区,330703
区县,浙江省（浙）,330000,金华市,330700,兰溪市,330781
区县,浙江省（浙）,330000,金华市,330700,义乌市,330782
区县,浙江省（浙）,330000,金华市,330700,东阳市,330783
区县,浙江省（浙）,330000,金华市,330700,永康市,330784
区县,浙江省（浙）,330000,金华市,330700,武义县,330723
区县,浙江省（浙）,330000,金华市,330700,浦江县,330726
区县,浙江省（浙）,330000,金华市,330700,磐安县,330727
城市,浙江省（浙）,330000,衢州市,330800
区县,浙江省（浙）,330000,衢州市,330800,柯城区,330802
区县,浙江省（浙）,330000,衢州市,330800,衢江区,330803
区县,浙江省（浙）,330000,衢州市,330800,江山市,330881
区县,浙江省（浙）,330000,衢州市,330800,常山县,330822
区县,浙江省（浙）,330000,衢州市,330800,开化县,330824
区县,浙江省（浙）,330000,衢州市,330800,龙游县,330825
城市,浙江省（浙）,330000,舟山市,330900
区县,浙江省（浙）,330000,舟山市,330900,定海区,330902
区县,浙江省（浙）,330000,舟山市,330900,普陀区,330903
区县,浙江省（浙）,330000,舟山市,330900,岱山县,330921
区县,浙江省（浙）,330000,舟山市,330900,嵊泗县,330922
城市,浙江省（浙）,330000,台州市,331000
区县,浙江省（浙）,330000,台州市,331000,椒江区,331002
区县,浙江省（浙）,330000,台州市,331000,黄岩区,331003
区县,浙江省（浙）,330000,台州市,331000,路桥区,331004
区县,浙江省（浙）,330000,台州市,331000,温岭市,331081
区县,浙江省（浙）,330000,台州市,331000,临海市,331082
区县,浙江省（浙）,330000,台州市,331000,玉环市,331083
区县,浙江省（浙）,330000,台州市,331000,三门县,331022
区县,浙江省（浙）,330000,台州市,331000,天台县,331023
区县,浙江省（浙）,330000,台州市,331000,仙居县,331024
城市,浙江省（浙）,330000,丽水市,331100
区县,浙江省（浙）,330000,丽水市,331100,莲都区,331102
区县,浙江省（浙）,330000,丽水市,331100,龙泉市,331181
区县,浙江省（浙）,330000,丽水市,331100,青田县,331121
区县,浙江省（浙）,330000,丽水市,331100,缙云县,331122
区县,浙江省（浙）,330000,丽水市,331100,遂昌县,331123
区县,浙江省（浙）,330000,丽水市,331100,松阳县,331124
区县,浙江省（浙）,330000,丽水市,331100,云和县,331125
区县,浙江省（浙）,330000,丽水市,331100,庆元县,331126
区县,浙江省（浙）,330000,丽水市,331100,景宁畲族自治县,331127
省份,安徽省（皖）,340000
城市,安徽省（皖）,340000,合肥市,340100
区县,安徽省（皖）,340000,合肥市,340100,蜀山区,340104
区县,安徽省（皖）,340000,合肥市,340100,瑶海区,340102
区县,安徽省（皖）,340000,合肥市,340100,庐阳区,340103
区县,安徽省（皖）,340000,合肥市,340100,包河区,340111
区县,安徽省（皖）,340000,合肥市,340100,巢湖市,340181
区县,安徽省（皖）,340000,合肥市,340100,长丰县,340121
区县,安徽省（皖）,340000,合肥市,340100,肥东县,340122
区县,安徽省（皖）,340000,合肥市,340100,肥西县,340123
区县,安徽省（皖）,340000,合肥市,340100,庐江县,340124
城市,安徽省（皖）,340000,芜湖市,340200
区县,安徽省（皖）,340000,芜湖市,340200,鸠江区,340207
区县,安徽省（皖）,340000,芜湖市,340200,镜湖区,340202
区县,安徽省（皖）,340000,芜湖市,340200,弋江区,340209
区县,安徽省（皖）,340000,芜湖市,340200,湾沚区,340210
区县,安徽省（皖）,340000,芜湖市,340200,繁昌区,340212
区县,安徽省（皖）,340000,芜湖市,340200,无为市,340281
区县,安徽省（皖）,340000,芜湖市,340200,南陵县,340223
城市,安徽省（皖）,340000,蚌埠市,340300
区县,安徽省（皖）,340000,蚌埠市,340300,蚌山区,340303
区县,安徽省（皖）,340000,蚌埠市,340300,龙子湖区,340302
区县,安徽省（皖）,340000,蚌埠市,340300,禹会区,340304
区县,安徽省（皖）,340000,蚌埠市,340300,淮上区,340311
区县,安徽省（皖）,340000,蚌埠市,340300,怀远县,340321
区县,安徽省（皖）,340000,蚌埠市,340300,五河县,340322
区县,安徽省（皖）,340000,蚌埠市,340300,固镇县,340323
城市,安徽省（皖）,340000,淮南市,340400
区县,安徽省（皖）,340000,淮南市,340400,田家庵区,340403
区县,安徽省（皖）,340000,淮南市,340400,大通区,340402
区县,安徽省（皖）,340000,淮南市,340400,谢家集区,340404
区县,安徽省（皖）,340000,淮南市,340400,八公山区,340405
区县,安徽省（皖）,340000,淮南市,340400,潘集区,340406
区县,安徽省（皖）,340000,淮南市,340400,凤台县,340421
区县,安徽省（皖）,340000,淮南市,340400,寿县,340422
城市,安徽省（皖）,340000,马鞍山市,340500
区县,安徽省（皖）,340000,马鞍山市,340500,雨山区,340504
区县,安徽省（皖）,340000,马鞍山市,340500,花山区,340503
区县,安徽省（皖）,340000,马鞍山市,340500,博望区,340506
区县,安徽省（皖）,340000,马鞍山市,340500,当涂县,340521
区县,安徽省（皖）,340000,马鞍山市,340500,含山县,340522
区县,安徽省（皖）,340000,马鞍山市,340500,和县,340523
城市,安徽省（皖）,340000,淮北市,340600
区县,安徽省（皖）,340000,淮北市,340600,相山区,340603
区县,安徽省（皖）,340000,淮北市,340600,杜集区,340602
区县,安徽省（皖）,340000,淮北市,340600,烈山区,340604
区县,安徽省（皖）,340000,淮北市,340600,濉溪县,340621
城市,安徽省（皖）,340000,铜陵市,340700
区县,安徽省（皖）,340000,铜陵市,340700,铜官区,340705
区县,安徽省（皖）,340000,铜陵市,340700,义安区,340706
区县,安徽省（皖）,340000,铜陵市,340700,郊区,340711
区县,安徽省（皖）,340000,铜陵市,340700,枞阳县,340722
城市,安徽省（皖）,340000,安庆市,340800
区县,安徽省（皖）,340000,安庆市,340800,大观区,340803
区县,安徽省（皖）,340000,安庆市,340800,迎江区,340802
区县,安徽省（皖）,340000,安庆市,340800,宜秀区,340811
区县,安徽省（皖）,340000,安庆市,340800,桐城市,340881
区县,安徽省（皖）,340000,安庆市,340800,潜山市,340882
区县,安徽省（皖）,340000,安庆市,340800,怀宁县,340822
区县,安徽省（皖）,340000,安庆市,340800,太湖县,340825
区县,安徽省（皖）,340000,安庆市,340800,宿松县,340826
区县,安徽省（皖）,340000,安庆市,340800,望江县,340827
区县,安徽省（皖）,340000,安庆市,340800,岳西县,340828
城市,安徽省（皖）,340000,黄山市,341000
区县,安徽省（皖）,340000,黄山市,341000,屯溪区,341002
区县,安徽省（皖）,340000,黄山市,341000,黄山区,341003
区县,安徽省（皖）,340000,黄山市,341000,徽州区,341004
区县,安徽省（皖）,340000,黄山市,341000,歙县,341021
区县,安徽省（皖）,340000,黄山市,341000,休宁县,341022
区县,安徽省（皖）,340000,黄山市,341000,黟县,341023
区县,安徽省（皖）,340000,黄山市,341000,祁门县,341024
城市,安徽省（皖）,340000,滁州市,341100
区县,安徽省（皖）,340000,滁州市,341100,琅琊区,341102
区县,安徽省（皖）,340000,滁州市,341100,南谯区,341103
区县,安徽省（皖）,340000,滁州市,341100,天长市,341181
区县,安徽省（皖）,340000,滁州市,341100,明光市,341182
区县,安徽省（皖）,340000,滁州市,341100,来安县,341122
区县,安徽省（皖）,340000,滁州市,341100,全椒县,341124
区县,安徽省（皖）,340000,滁州市,341100,定远县,341125
区县,安徽省（皖）,340000,滁州市,341100,凤阳县,341126
城市,安徽省（皖）,340000,阜阳市,341200
区县,安徽省（皖）,340000,阜阳市,341200,颍州区,341202
区县,安徽省（皖）,340000,阜阳市,341200,颍东区,341203
区县,安徽省（皖）,340000,阜阳市,341200,颍泉区,341204
区县,安徽省（皖）,340000,阜阳市,341200,界首市,341282
区县,安徽省（皖）,340000,阜阳市,341200,临泉县,341221
区县,安徽省（皖）,340000,阜阳市,341200,太和县,341222
区县,安徽省（皖）,340000,阜阳市,341200,阜南县,341225
区县,安徽省（皖）,340000,阜阳市,341200,颍上县,341226
城市,安徽省（皖）,340000,宿州市,341300
区县,安徽省（皖）,340000,宿州市,341300,埇桥区,341302
区县,安徽省（皖）,340000,宿州市,341300,砀山县,341321
区县,安徽省（皖）,340000,宿州市,341300,萧县,341322
区县,安徽省（皖）,340000,宿州市,341300,灵璧县,341323
区县,安徽省（皖）,340000,宿州市,341300,泗县,341324
城市,安徽省（皖）,340000,六安市,341500
区县,安徽省（皖）,340000,六安市,341500,金安区,341502
区县,安徽省（皖）,340000,六安市,341500,裕安区,341503
区县,安徽省（皖）,340000,六安市,341500,叶集区,341504
区县,安徽省（皖）,340000,六安市,341500,霍邱县,341522
区县,安徽省（皖）,340000,六安市,341500,舒城县,341523
区县,安徽省（皖）,340000,六安市,341500,金寨县,341524
区县,安徽省（皖）,340000,六安市,341500,霍山县,341525
城市,安徽省（皖）,340000,亳州市,341600
区县,安徽省（皖）,340000,亳州市,341600,谯城区,341602
区县,安徽省（皖）,340000,亳州市,341600,涡阳县,341621
区县,安徽省（皖）,340000,亳州市,341600,蒙城县,341622
区县,安徽省（皖）,340000,亳州市,341600,利辛县,341623
城市,安徽省（皖）,340000,池州市,341700
区县,安徽省（皖）,340000,池州市,341700,贵池区,341702
区县,安徽省（皖）,340000,池州市,341700,东至县,341721
区县,安徽省（皖）,340000,池州市,341700,石台县,341722
区县,安徽省（皖）,340000,池州市,341700,青阳县,341723
城市,安徽省（皖）,340000,宣城市,341800
区县,安徽省（皖）,340000,宣城市,341800,宣州区,341802
区县,安徽省（皖）,340000,宣城市,341800,宁国市,341881
区县,安徽省（皖）,340000,宣城市,341800,广德市,341882
区县,安徽省（皖）,340000,宣城市,341800,郎溪县,341821
区县,安徽省（皖）,340000,宣城市,341800,泾县,341823
区县,安徽省（皖）,340000,宣城市,341800,绩溪县,341824
区县,安徽省（皖）,340000,宣城市,341800,旌德县,341825
省份,福建省（闽）,350000
城市,福建省（闽）,350000,福州市,350100
区县,福建省（闽）,350000,福州市,350100,鼓楼区,350102
区县,福建省（闽）,350000,福州市,350100,台江区,350103
区县,福建省（闽）,350000,福州市,350100,仓山区,350104
区县,福建省（闽）,350000,福州市,350100,马尾区,350105
区县,福建省（闽）,350000,福州市,350100,晋安区,350111
区县,福建省（闽）,350000,福州市,350100,长乐区,350112
区县,福建省（闽）,350000,福州市,350100,福清市,350181
区县,福建省（闽）,350000,福州市,350100,闽侯县,350121
区县,福建省（闽）,350000,福州市,350100,连江县,350122
区县,福建省（闽）,350000,福州市,350100,罗源县,350123
区县,福建省（闽）,350000,福州市,350100,闽清县,350124
区县,福建省（闽）,350000,福州市,350100,永泰县,350125
区县,福建省（闽）,350000,福州市,350100,平潭县,350128
城市,福建省（闽）,350000,厦门市,350200
区县,福建省（闽）,350000,厦门市,350200,思明区,350203
区县,福建省（闽）,350000,厦门市,350200,海沧区,350205
区县,福建省（闽）,350000,厦门市,350200,湖里区,350206
区县,福建省（闽）,350000,厦门市,350200,集美区,350211
区县,福建省（闽）,350000,厦门市,350200,同安区,350212
区县,福建省（闽）,350000,厦门市,350200,翔安区,350213
城市,福建省（闽）,350000,莆田市,350300
区县,福建省（闽）,350000,莆田市,350300,城厢区,350302
区县,福建省（闽）,350000,莆田市,350300,涵江区,350303
区县,福建省（闽）,350000,莆田市,350300,荔城区,350304
区县,福建省（闽）,350000,莆田市,350300,秀屿区,350305
区县,福建省（闽）,350000,莆田市,350300,仙游县,350322
城市,福建省（闽）,350000,三明市,350400
区县,福建省（闽）,350000,三明市,350400,三元区,350404
区县,福建省（闽）,350000,三明市,350400,沙县区,350405
区县,福建省（闽）,350000,三明市,350400,永安市,350481
区县,福建省（闽）,350000,三明市,350400,明溪县,350421
区县,福建省（闽）,350000,三明市,350400,清流县,350423
区县,福建省（闽）,350000,三明市,350400,宁化县,350424
区县,福建省（闽）,350000,三明市,350400,大田县,350425
区县,福建省（闽）,350000,三明市,350400,尤溪县,350426
区县,福建省（闽）,350000,三明市,350400,将乐县,350428
区县,福建省（闽）,350000,三明市,350400,泰宁县,350429
区县,福建省（闽）,350000,三明市,350400,建宁县,350430
城市,福建省（闽）,350000,泉州市,350500
区县,福建省（闽）,350000,泉州市,350500,丰泽区,350503
区县,福建省（闽）,350000,泉州市,350500,鲤城区,350502
区县,福建省（闽）,350000,泉州市,350500,洛江区,350504
区县,福建省（闽）,350000,泉州市,350500,泉港区,350505
区县,福建省（闽）,350000,泉州市,350500,石狮市,350581
区县,福建省（闽）,350000,泉州市,350500,晋江市,350582
区县,福建省（闽）,350000,泉州市,350500,南安市,350583
区县,福建省（闽）,350000,泉州市,350500,惠安县,350521
区县,福建省（闽）,350000,泉州市,350500,安溪县,350524
区县,福建省（闽）,350000,泉州市,350500,永春县,350525
区县,福建省（闽）,350000,泉州市,350500,德化县,350526
区县,福建省（闽）,350000,泉州市,350500,金门县☆,350527
城市,福建省（闽）,350000,漳州市,350600
区县,福建省（闽）,350000,漳州市,350600,龙文区,350603
区县,福建省（闽）,350000,漳州市,350600,芗城区,350602
区县,福建省（闽）,350000,漳州市,350600,龙海区,350604
区县,福建省（闽）,350000,漳州市,350600,长泰区,350605
区县,福建省（闽）,350000,漳州市,350600,云霄县,350622
区县,福建省（闽）,350000,漳州市,350600,漳浦县,350623
区县,福建省（闽）,350000,漳州市,350600,诏安县,350624
区县,福建省（闽）,350000,漳州市,350600,东山县,350626
区县,福建省（闽）,350000,漳州市,350600,南靖县,350627
区县,福建省（闽）,350000,漳州市,350600,平和县,350628
区县,福建省（闽）,350000,漳州市,350600,华安县,350629
城市,福建省（闽）,350000,南平市,350700
区县,福建省（闽）,350000,南平市,350700,建阳区,350703
区县,福建省（闽）,350000,南平市,350700,延平区,350702
区县,福建省（闽）,350000,南平市,350700,邵武市,350781
区县,福建省（闽）,350000,南平市,350700,武夷山市,350782
区县,福建省（闽）,350000,南平市,350700,建瓯市,350783
区县,福建省（闽）,350000,南平市,350700,顺昌县,350721
区县,福建省（闽）,350000,南平市,350700,浦城县,350722
区县,福建省（闽）,350000,南平市,350700,光泽县,350723
区县,福建省（闽）,350000,南平市,350700,松溪县,350724
区县,福建省（闽）,350000,南平市,350700,政和县,350725
城市,福建省（闽）,350000,龙岩市,350800
区县,福建省（闽）,350000,龙岩市,350800,新罗区,350802
区县,福建省（闽）,350000,龙岩市,350800,永定区,350803
区县,福建省（闽）,350000,龙岩市,350800,漳平市,350881
区县,福建省（闽）,350000,龙岩市,350800,长汀县,350821
区县,福建省（闽）,350000,龙岩市,350800,上杭县,350823
区县,福建省（闽）,350000,龙岩市,350800,武平县,350824
区县,福建省（闽）,350000,龙岩市,350800,连城县,350825
城市,福建省（闽）,350000,宁德市,350900
区县,福建省（闽）,350000,宁德市,350900,蕉城区,350902
区县,福建省（闽）,350000,宁德市,350900,福安市,350981
区县,福建省（闽）,350000,宁德市,350900,福鼎市,350982
区县,福建省（闽）,350000,宁德市,350900,霞浦县,350921
区县,福建省（闽）,350000,宁德市,350900,古田县,350922
区县,福建省（闽）,350000,宁德市,350900,屏南县,350923
区县,福建省（闽）,350000,宁德市,350900,寿宁县,350924
区县,福建省（闽）,350000,宁德市,350900,周宁县,350925
区县,福建省（闽）,350000,宁德市,350900,柘荣县,350926
省份,江西省（赣）,360000
城市,江西省（赣）,360000,南昌市,360100
区县,江西省（赣）,360000,南昌市,360100,红谷滩区,360113
区县,江西省（赣）,360000,南昌市,360100,东湖区,360102
区县,江西省（赣）,360000,南昌市,360100,西湖区,360103
区县,江西省（赣）,360000,南昌市,360100,青云谱区,360104
区县,江西省（赣）,360000,南昌市,360100,青山湖区,360111
区县,江西省（赣）,360000,南昌市,360100,新建区,360112
区县,江西省（赣）,360000,南昌市,360100,南昌县,360121
区县,江西省（赣）,360000,南昌市,360100,安义县,360123
区县,江西省（赣）,360000,南昌市,360100,进贤县,360124
城市,江西省（赣）,360000,景德镇市,360200
区县,江西省（赣）,360000,景德镇市,360200,昌江区,360202
区县,江西省（赣）,360000,景德镇市,360200,珠山区,360203
区县,江西省（赣）,360000,景德镇市,360200,乐平市,360281
区县,江西省（赣）,360000,景德镇市,360200,浮梁县,360222
城市,江西省（赣）,360000,萍乡市,360300
区县,江西省（赣）,360000,萍乡市,360300,安源区,360302
区县,江西省（赣）,360000,萍乡市,360300,湘东区,360313
区县,江西省（赣）,360000,萍乡市,360300,莲花县,360321
区县,江西省（赣）,360000,萍乡市,360300,上栗县,360322
区县,江西省（赣）,360000,萍乡市,360300,芦溪县,360323
城市,江西省（赣）,360000,九江市,360400
区县,江西省（赣）,360000,九江市,360400,浔阳区,360403
区县,江西省（赣）,360000,九江市,360400,濂溪区,360402
区县,江西省（赣）,360000,九江市,360400,柴桑区,360404
区县,江西省（赣）,360000,九江市,360400,瑞昌市,360481
区县,江西省（赣）,360000,九江市,360400,共青城市,360482
区县,江西省（赣）,360000,九江市,360400,庐山市,360483
区县,江西省（赣）,360000,九江市,360400,武宁县,360423
区县,江西省（赣）,360000,九江市,360400,修水县,360424
区县,江西省（赣）,360000,九江市,360400,永修县,360425
区县,江西省（赣）,360000,九江市,360400,德安县,360426
区县,江西省（赣）,360000,九江市,360400,都昌县,360428
区县,江西省（赣）,360000,九江市,360400,湖口县,360429
区县,江西省（赣）,360000,九江市,360400,彭泽县,360430
城市,江西省（赣）,360000,新余市,360500
区县,江西省（赣）,360000,新余市,360500,渝水区,360502
区县,江西省（赣）,360000,新余市,360500,分宜县,360521
城市,江西省（赣）,360000,鹰潭市,360600
区县,江西省（赣）,360000,鹰潭市,360600,月湖区,360602
区县,江西省（赣）,360000,鹰潭市,360600,余江区,360603
区县,江西省（赣）,360000,鹰潭市,360600,贵溪市,360681
城市,江西省（赣）,360000,赣州市,360700
区县,江西省（赣）,360000,赣州市,360700,章贡区,360702
区县,江西省（赣）,360000,赣州市,360700,南康区,360703
区县,江西省（赣）,360000,赣州市,360700,赣县区,360704
区县,江西省（赣）,360000,赣州市,360700,瑞金市,360781
区县,江西省（赣）,360000,赣州市,360700,龙南市,360783
区县,江西省（赣）,360000,赣州市,360700,信丰县,360722
区县,江西省（赣）,360000,赣州市,360700,大余县,360723
区县,江西省（赣）,360000,赣州市,360700,上犹县,360724
区县,江西省（赣）,360000,赣州市,360700,崇义县,360725
区县,江西省（赣）,360000,赣州市,360700,安远县,360726
区县,江西省（赣）,360000,赣州市,360700,定南县,360728
区县,江西省（赣）,360000,赣州市,360700,全南县,360729
区县,江西省（赣）,360000,赣州市,360700,宁都县,360730
区县,江西省（赣）,360000,赣州市,360700,于都县,360731
区县,江西省（赣）,360000,赣州市,360700,兴国县,360732
区县,江西省（赣）,360000,赣州市,360700,会昌县,360733
区县,江西省（赣）,360000,赣州市,360700,寻乌县,360734
区县,江西省（赣）,360000,赣州市,360700,石城县,360735
城市,江西省（赣）,360000,吉安市,360800
区县,江西省（赣）,360000,吉安市,360800,吉州区,360802
区县,江西省（赣）,360000,吉安市,360800,青原区,360803
区县,江西省（赣）,360000,吉安市,360800,井冈山市,360881
区县,江西省（赣）,360000,吉安市,360800,吉安县,360821
区县,江西省（赣）,360000,吉安市,360800,吉水县,360822
区县,江西省（赣）,360000,吉安市,360800,峡江县,360823
区县,江西省（赣）,360000,吉安市,360800,新干县,360824
区县,江西省（赣）,360000,吉安市,360800,永丰县,360825
区县,江西省（赣）,360000,吉安市,360800,泰和县,360826
区县,江西省（赣）,360000,吉安市,360800,遂川县,360827
区县,江西省（赣）,360000,吉安市,360800,万安县,360828
区县,江西省（赣）,360000,吉安市,360800,安福县,360829
区县,江西省（赣）,360000,吉安市,360800,永新县,360830
城市,江西省（赣）,360000,宜春市,360900
区县,江西省（赣）,360000,宜春市,360900,袁州区,360902
区县,江西省（赣）,360000,宜春市,360900,丰城市,360981
区县,江西省（赣）,360000,宜春市,360900,樟树市,360982
区县,江西省（赣）,360000,宜春市,360900,高安市,360983
区县,江西省（赣）,360000,宜春市,360900,奉新县,360921
区县,江西省（赣）,360000,宜春市,360900,万载县,360922
区县,江西省（赣）,360000,宜春市,360900,上高县,360923
区县,江西省（赣）,360000,宜春市,360900,宜丰县,360924
区县,江西省（赣）,360000,宜春市,360900,靖安县,360925
区县,江西省（赣）,360000,宜春市,360900,铜鼓县,360926
城市,江西省（赣）,360000,抚州市,361000
区县,江西省（赣）,360000,抚州市,361000,临川区,361002
区县,江西省（赣）,360000,抚州市,361000,东乡区,361003
区县,江西省（赣）,360000,抚州市,361000,南城县,361021
区县,江西省（赣）,360000,抚州市,361000,黎川县,361022
区县,江西省（赣）,360000,抚州市,361000,南丰县,361023
区县,江西省（赣）,360000,抚州市,361000,崇仁县,361024
区县,江西省（赣）,360000,抚州市,361000,乐安县,361025
区县,江西省（赣）,360000,抚州市,361000,宜黄县,361026
区县,江西省（赣）,360000,抚州市,361000,金溪县,361027
区县,江西省（赣）,360000,抚州市,361000,资溪县,361028
区县,江西省（赣）,360000,抚州市,361000,广昌县,361030
城市,江西省（赣）,360000,上饶市,361100
区县,江西省（赣）,360000,上饶市,361100,信州区,361102
区县,江西省（赣）,360000,上饶市,361100,广丰区,361103
区县,江西省（赣）,360000,上饶市,361100,广信区,361104
区县,江西省（赣）,360000,上饶市,361100,德兴市,361181
区县,江西省（赣）,360000,上饶市,361100,玉山县,361123
区县,江西省（赣）,360000,上饶市,361100,铅山县,361124
区县,江西省（赣）,360000,上饶市,361100,横峰县,361125
区县,江西省（赣）,360000,上饶市,361100,弋阳县,361126
区县,江西省（赣）,360000,上饶市,361100,余干县,361127
区县,江西省（赣）,360000,上饶市,361100,鄱阳县,361128
区县,江西省（赣）,360000,上饶市,361100,万年县,361129
区县,江西省（赣）,360000,上饶市,361100,婺源县,361130
省份,山东省（鲁）,370000
城市,山东省（鲁）,370000,济南市,370100
区县,山东省（鲁）,370000,济南市,370100,市中区,370103
区县,山东省（鲁）,370000,济南市,370100,历下区,370102
区县,山东省（鲁）,370000,济南市,370100,槐荫区,370104
区县,山东省（鲁）,370000,济南市,370100,天桥区,370105
区县,山东省（鲁）,370000,济南市,370100,历城区,370112
区县,山东省（鲁）,370000,济南市,370100,长清区,370113
区县,山东省（鲁）,370000,济南市,370100,章丘区,370114
区县,山东省（鲁）,370000,济南市,370100,济阳区,370115
区县,山东省（鲁）,370000,济南市,370100,莱芜区,370116
区县,山东省（鲁）,370000,济南市,370100,钢城区,370117
区县,山东省（鲁）,370000,济南市,370100,平阴县,370124
区县,山东省（鲁）,370000,济南市,370100,商河县,370126
城市,山东省（鲁）,370000,青岛市,370200
区县,山东省（鲁）,370000,青岛市,370200,市南区,370202
区县,山东省（鲁）,370000,青岛市,370200,市北区,370203
区县,山东省（鲁）,370000,青岛市,370200,黄岛区,370211
区县,山东省（鲁）,370000,青岛市,370200,崂山区,370212
区县,山东省（鲁）,370000,青岛市,370200,李沧区,370213
区县,山东省（鲁）,370000,青岛市,370200,城阳区,370214
区县,山东省（鲁）,370000,青岛市,370200,即墨区,370215
区县,山东省（鲁）,370000,青岛市,370200,胶州市,370281
区县,山东省（鲁）,370000,青岛市,370200,平度市,370283
区县,山东省（鲁）,370000,青岛市,370200,莱西市,370285
城市,山东省（鲁）,370000,淄博市,370300
区县,山东省（鲁）,370000,淄博市,370300,张店区,370303
区县,山东省（鲁）,370000,淄博市,370300,淄川区,370302
区县,山东省（鲁）,370000,淄博市,370300,博山区,370304
区县,山东省（鲁）,370000,淄博市,370300,临淄区,370305
区县,山东省（鲁）,370000,淄博市,370300,周村区,370306
区县,山东省（鲁）,370000,淄博市,370300,桓台县,370321
区县,山东省（鲁）,370000,淄博市,370300,高青县,370322
区县,山东省（鲁）,370000,淄博市,370300,沂源县,370323
城市,山东省（鲁）,370000,枣庄市,370400
区县,山东省（鲁）,370000,枣庄市,370400,薛城区,370403
区县,山东省（鲁）,370000,枣庄市,370400,市中区,370402
区县,山东省（鲁）,370000,枣庄市,370400,峄城区,370404
区县,山东省（鲁）,370000,枣庄市,370400,台儿庄区,370405
区县,山东省（鲁）,370000,枣庄市,370400,山亭区,370406
区县,山东省（鲁）,370000,枣庄市,370400,滕州市,370481
城市,山东省（鲁）,370000,东营市,370500
区县,山东省（鲁）,370000,东营市,370500,东营区,370502
区县,山东省（鲁）,370000,东营市,370500,河口区,370503
区县,山东省（鲁）,370000,东营市,370500,垦利区,370505
区县,山东省（鲁）,370000,东营市,370500,利津县,370522
区县,山东省（鲁）,370000,东营市,370500,广饶县,370523
城市,山东省（鲁）,370000,烟台市,370600
区县,山东省（鲁）,370000,烟台市,370600,莱山区,370613
区县,山东省（鲁）,370000,烟台市,370600,芝罘区,370602
区县,山东省（鲁）,370000,烟台市,370600,福山区,370611
区县,山东省（鲁）,370000,烟台市,370600,牟平区,370612
区县,山东省（鲁）,370000,烟台市,370600,蓬莱区,370614
区县,山东省（鲁）,370000,烟台市,370600,龙口市,370681
区县,山东省（鲁）,370000,烟台市,370600,莱阳市,370682
区县,山东省（鲁）,370000,烟台市,370600,莱州市,370683
区县,山东省（鲁）,370000,烟台市,370600,招远市,370685
区县,山东省（鲁）,370000,烟台市,370600,栖霞市,370686
区县,山东省（鲁）,370000,烟台市,370600,海阳市,370687
城市,山东省（鲁）,370000,潍坊市,370700
区县,山东省（鲁）,370000,潍坊市,370700,奎文区,370705
区县,山东省（鲁）,370000,潍坊市,370700,潍城区,370702
区县,山东省（鲁）,370000,潍坊市,370700,寒亭区,370703
区县,山东省（鲁）,370000,潍坊市,370700,坊子区,370704
区县,山东省（鲁）,370000,潍坊市,370700,青州市,370781
区县,山东省（鲁）,370000,潍坊市,370700,诸城市,370782
区县,山东省（鲁）,370000,潍坊市,370700,寿光市,370783
区县,山东省（鲁）,370000,潍坊市,370700,安丘市,370784
区县,山东省（鲁）,370000,潍坊市,370700,高密市,370785
区县,山东省（鲁）,370000,潍坊市,370700,昌邑市,370786
区县,山东省（鲁）,370000,潍坊市,370700,临朐县,370724
区县,山东省（鲁）,370000,潍坊市,370700,昌乐县,370725
城市,山东省（鲁）,370000,济宁市,370800
区县,山东省（鲁）,370000,济宁市,370800,任城区,370811
区县,山东省（鲁）,370000,济宁市,370800,兖州区,370812
区县,山东省（鲁）,370000,济宁市,370800,曲阜市,370881
区县,山东省（鲁）,370000,济宁市,370800,邹城市,370883
区县,山东省（鲁）,370000,济宁市,370800,微山县,370826
区县,山东省（鲁）,370000,济宁市,370800,鱼台县,370827
区县,山东省（鲁）,370000,济宁市,370800,金乡县,370828
区县,山东省（鲁）,370000,济宁市,370800,嘉祥县,370829
区县,山东省（鲁）,370000,济宁市,370800,汶上县,370830
区县,山东省（鲁）,370000,济宁市,370800,泗水县,370831
区县,山东省（鲁）,370000,济宁市,370800,梁山县,370832
城市,山东省（鲁）,370000,泰安市,370900
区县,山东省（鲁）,370000,泰安市,370900,泰山区,370902
区县,山东省（鲁）,370000,泰安市,370900,岱岳区,370911
区县,山东省（鲁）,370000,泰安市,370900,新泰市,370982
区县,山东省（鲁）,370000,泰安市,370900,肥城市,370983
区县,山东省（鲁）,370000,泰安市,370900,宁阳县,370921
区县,山东省（鲁）,370000,泰安市,370900,东平县,370923
城市,山东省（鲁）,370000,威海市,371000
区县,山东省（鲁）,370000,威海市,371000,环翠区,371002
区县,山东省（鲁）,370000,威海市,371000,文登区,371003
区县,山东省（鲁）,370000,威海市,371000,荣成市,371082
区县,山东省（鲁）,370000,威海市,371000,乳山市,371083
城市,山东省（鲁）,370000,日照市,371100
区县,山东省（鲁）,370000,日照市,371100,东港区,371102
区县,山东省（鲁）,370000,日照市,371100,岚山区,371103
区县,山东省（鲁）,370000,日照市,371100,五莲县,371121
区县,山东省（鲁）,370000,日照市,371100,莒县,371122
城市,山东省（鲁）,370000,临沂市,371300
区县,山东省（鲁）,370000,临沂市,371300,兰山区,371302
区县,山东省（鲁）,370000,临沂市,371300,罗庄区,371311
区县,山东省（鲁）,370000,临沂市,371300,河东区,371312
区县,山东省（鲁）,370000,临沂市,371300,沂南县,371321
区县,山东省（鲁）,370000,临沂市,371300,郯城县,371322
区县,山东省（鲁）,370000,临沂市,371300,沂水县,371323
区县,山东省（鲁）,370000,临沂市,371300,兰陵县,371324
区县,山东省（鲁）,370000,临沂市,371300,费县,371325
区县,山东省（鲁）,370000,临沂市,371300,平邑县,371326
区县,山东省（鲁）,370000,临沂市,371300,莒南县,371327
区县,山东省（鲁）,370000,临沂市,371300,蒙阴县,371328
区县,山东省（鲁）,370000,临沂市,371300,临沭县,371329
城市,山东省（鲁）,370000,德州市,371400
区县,山东省（鲁）,370000,德州市,371400,德城区,371402
区县,山东省（鲁）,370000,德州市,371400,陵城区,371403
区县,山东省（鲁）,370000,德州市,371400,乐陵市,371481
区县,山东省（鲁）,370000,德州市,371400,禹城市,371482
区县,山东省（鲁）,370000,德州市,371400,宁津县,371422
区县,山东省（鲁）,370000,德州市,371400,庆云县,371423
区县,山东省（鲁）,370000,德州市,371400,临邑县,371424
区县,山东省（鲁）,370000,德州市,371400,齐河县,371425
区县,山东省（鲁）,370000,德州市,371400,平原县,371426
区县,山东省（鲁）,370000,德州市,371400,夏津县,371427
区县,山东省（鲁）,370000,德州市,371400,武城县,371428
城市,山东省（鲁）,370000,聊城市,371500
区县,山东省（鲁）,370000,聊城市,371500,东昌府区,371502
区县,山东省（鲁）,370000,聊城市,371500,茌平区,371503
区县,山东省（鲁）,370000,聊城市,371500,临清市,371581
区县,山东省（鲁）,370000,聊城市,371500,阳谷县,371521
区县,山东省（鲁）,370000,聊城市,371500,莘县,371522
区县,山东省（鲁）,370000,聊城市,371500,东阿县,371524
区县,山东省（鲁）,370000,聊城市,371500,冠县,371525
区县,山东省（鲁）,370000,聊城市,371500,高唐县,371526
城市,山东省（鲁）,370000,滨州市,371600
区县,山东省（鲁）,370000,滨州市,371600,滨城区,371602
区县,山东省（鲁）,370000,滨州市,371600,沾化区,371603
区县,山东省（鲁）,370000,滨州市,371600,邹平市,371681
区县,山东省（鲁）,370000,滨州市,371600,惠民县,371621
区县,山东省（鲁）,370000,滨州市,371600,阳信县,371622
区县,山东省（鲁）,370000,滨州市,371600,无棣县,371623
区县,山东省（鲁）,370000,滨州市,371600,博兴县,371625
城市,山东省（鲁）,370000,菏泽市,371700
区县,山东省（鲁）,370000,菏泽市,371700,牡丹区,371702
区县,山东省（鲁）,370000,菏泽市,371700,定陶区,371703
区县,山东省（鲁）,370000,菏泽市,371700,曹县,371721
区县,山东省（鲁）,370000,菏泽市,371700,单县,371722
区县,山东省（鲁）,370000,菏泽市,371700,成武县,371723
区县,山东省（鲁）,370000,菏泽市,371700,巨野县,371724
区县,山东省（鲁）,370000,菏泽市,371700,郓城县,371725
区县,山东省（鲁）,370000,菏泽市,371700,鄄城县,371726
区县,山东省（鲁）,370000,菏泽市,371700,东明县,371728
省份,河南省（豫）,410000
城市,河南省（豫）,410000,郑州市,410100
区县,河南省（豫）,410000,郑州市,410100,中原区,410102
区县,河南省（豫）,410000,郑州市,410100,二七区,410103
区县,河南省（豫）,410000,郑州市,410100,管城回族区,410104
区县,河南省（豫）,410000,郑州市,410100,金水区,410105
区县,河南省（豫）,410000,郑州市,410100,上街区,410106
区县,河南省（豫）,410000,郑州市,410100,惠济区,410108
区县,河南省（豫）,410000,郑州市,410100,巩义市,410181
区县,河南省（豫）,410000,郑州市,410100,荥阳市,410182
区县,河南省（豫）,410000,郑州市,410100,新密市,410183
区县,河南省（豫）,410000,郑州市,410100,新郑市,410184
区县,河南省（豫）,410000,郑州市,410100,登封市,410185
区县,河南省（豫）,410000,郑州市,410100,中牟县,410122
城市,河南省（豫）,410000,开封市,410200
区县,河南省（豫）,410000,开封市,410200,鼓楼区,410204
区县,河南省（豫）,410000,开封市,410200,龙亭区,410202
区县,河南省（豫）,410000,开封市,410200,顺河回族区,410203
区县,河南省（豫）,410000,开封市,410200,禹王台区,410205
区县,河南省（豫）,410000,开封市,410200,祥符区,410212
区县,河南省（豫）,410000,开封市,410200,杞县,410221
区县,河南省（豫）,410000,开封市,410200,通许县,410222
区县,河南省（豫）,410000,开封市,410200,尉氏县,410223
区县,河南省（豫）,410000,开封市,410200,兰考县,410225
城市,河南省（豫）,410000,洛阳市,410300
区县,河南省（豫）,410000,洛阳市,410300,西工区,410303
区县,河南省（豫）,410000,洛阳市,410300,老城区,410302
区县,河南省（豫）,410000,洛阳市,410300,瀍河回族区,410304
区县,河南省（豫）,410000,洛阳市,410300,涧西区,410305
区县,河南省（豫）,410000,洛阳市,410300,偃师区,410307
区县,河南省（豫）,410000,洛阳市,410300,孟津区,410308
区县,河南省（豫）,410000,洛阳市,410300,洛龙区,410311
区县,河南省（豫）,410000,洛阳市,410300,新安县,410323
区县,河南省（豫）,410000,洛阳市,410300,栾川县,410324
区县,河南省（豫）,410000,洛阳市,410300,嵩县,410325
区县,河南省（豫）,410000,洛阳市,410300,汝阳县,410326
区县,河南省（豫）,410000,洛阳市,410300,宜阳县,410327
区县,河南省（豫）,410000,洛阳市,410300,洛宁县,410328
区县,河南省（豫）,410000,洛阳市,410300,伊川县,410329
城市,河南省（豫）,410000,平顶山市,410400
区县,河南省（豫）,410000,平顶山市,410400,新华区,410402
区县,河南省（豫）,410000,平顶山市,410400,卫东区,410403
区县,河南省（豫）,410000,平顶山市,410400,石龙区,410404
区县,河南省（豫）,410000,平顶山市,410400,湛河区,410411
区县,河南省（豫）,410000,平顶山市,410400,舞钢市,410481
区县,河南省（豫）,410000,平顶山市,410400,汝州市,410482
区县,河南省（豫）,410000,平顶山市,410400,宝丰县,410421
区县,河南省（豫）,410000,平顶山市,410400,叶县,410422
区县,河南省（豫）,410000,平顶山市,410400,鲁山县,410423
区县,河南省（豫）,410000,平顶山市,410400,郏县,410425
城市,河南省（豫）,410000,安阳市,410500
区县,河南省（豫）,410000,安阳市,410500,北关区,410503
区县,河南省（豫）,410000,安阳市,410500,文峰区,410502
区县,河南省（豫）,410000,安阳市,410500,殷都区,410505
区县,河南省（豫）,410000,安阳市,410500,龙安区,410506
区县,河南省（豫）,410000,安阳市,410500,林州市,410581
区县,河南省（豫）,410000,安阳市,410500,安阳县,410522
区县,河南省（豫）,410000,安阳市,410500,汤阴县,410523
区县,河南省（豫）,410000,安阳市,410500,滑县,410526
区县,河南省（豫）,410000,安阳市,410500,内黄县,410527
城市,河南省（豫）,410000,鹤壁市,410600
区县,河南省（豫）,410000,鹤壁市,410600,淇滨区,410611
区县,河南省（豫）,410000,鹤壁市,410600,鹤山区,410602
区县,河南省（豫）,410000,鹤壁市,410600,山城区,410603
区县,河南省（豫）,410000,鹤壁市,410600,浚县,410621
区县,河南省（豫）,410000,鹤壁市,410600,淇县,410622
城市,河南省（豫）,410000,新乡市,410700
区县,河南省（豫）,410000,新乡市,410700,卫滨区,410703
区县,河南省（豫）,410000,新乡市,410700,红旗区,410702
区县,河南省（豫）,410000,新乡市,410700,凤泉区,410704
区县,河南省（豫）,410000,新乡市,410700,牧野区,410711
区县,河南省（豫）,410000,新乡市,410700,卫辉市,410781
区县,河南省（豫）,410000,新乡市,410700,辉县市,410782
区县,河南省（豫）,410000,新乡市,410700,长垣市,410783
区县,河南省（豫）,410000,新乡市,410700,新乡县,410721
区县,河南省（豫）,410000,新乡市,410700,获嘉县,410724
区县,河南省（豫）,410000,新乡市,410700,原阳县,410725
区县,河南省（豫）,410000,新乡市,410700,延津县,410726
区县,河南省（豫）,410000,新乡市,410700,封丘县,410727
城市,河南省（豫）,410000,焦作市,410800
区县,河南省（豫）,410000,焦作市,410800,解放区,410802
区县,河南省（豫）,410000,焦作市,410800,中站区,410803
区县,河南省（豫）,410000,焦作市,410800,马村区,410804
区县,河南省（豫）,410000,焦作市,410800,山阳区,410811
区县,河南省（豫）,410000,焦作市,410800,沁阳市,410882
区县,河南省（豫）,410000,焦作市,410800,孟州市,410883
区县,河南省（豫）,410000,焦作市,410800,修武县,410821
区县,河南省（豫）,410000,焦作市,410800,博爱县,410822
区县,河南省（豫）,410000,焦作市,410800,武陟县,410823
区县,河南省（豫）,410000,焦作市,410800,温县,410825
城市,河南省（豫）,410000,濮阳市,410900
区县,河南省（豫）,410000,濮阳市,410900,华龙区,410902
区县,河南省（豫）,410000,濮阳市,410900,清丰县,410922
区县,河南省（豫）,410000,濮阳市,410900,南乐县,410923
区县,河南省（豫）,410000,濮阳市,410900,范县,410926
区县,河南省（豫）,410000,濮阳市,410900,台前县,410927
区县,河南省（豫）,410000,濮阳市,410900,濮阳县,410928
城市,河南省（豫）,410000,许昌市,411000
区县,河南省（豫）,410000,许昌市,411000,魏都区,411002
区县,河南省（豫）,410000,许昌市,411000,建安区,411003
区县,河南省（豫）,410000,许昌市,411000,禹州市,411081
区县,河南省（豫）,410000,许昌市,411000,长葛市,411082
区县,河南省（豫）,410000,许昌市,411000,鄢陵县,411024
区县,河南省（豫）,410000,许昌市,411000,襄城县,411025
城市,河南省（豫）,410000,漯河市,411100
区县,河南省（豫）,410000,漯河市,411100,郾城区,411103
区县,河南省（豫）,410000,漯河市,411100,源汇区,411102
区县,河南省（豫）,410000,漯河市,411100,召陵区,411104
区县,河南省（豫）,410000,漯河市,411100,舞阳县,411121
区县,河南省（豫）,410000,漯河市,411100,临颍县,411122
城市,河南省（豫）,410000,三门峡市,411200
区县,河南省（豫）,410000,三门峡市,411200,湖滨区,411202
区县,河南省（豫）,410000,三门峡市,411200,陕州区,411203
区县,河南省（豫）,410000,三门峡市,411200,义马市,411281
区县,河南省（豫）,410000,三门峡市,411200,灵宝市,411282
区县,河南省（豫）,410000,三门峡市,411200,渑池县,411221
区县,河南省（豫）,410000,三门峡市,411200,卢氏县,411224
城市,河南省（豫）,410000,南阳市,411300
区县,河南省（豫）,410000,南阳市,411300,卧龙区,411303
区县,河南省（豫）,410000,南阳市,411300,宛城区,411302
区县,河南省（豫）,410000,南阳市,411300,邓州市,411381
区县,河南省（豫）,410000,南阳市,411300,南召县,411321
区县,河南省（豫）,410000,南阳市,411300,方城县,411322
区县,河南省（豫）,410000,南阳市,411300,西峡县,411323
区县,河南省（豫）,410000,南阳市,411300,镇平县,411324
区县,河南省（豫）,410000,南阳市,411300,内乡县,411325
区县,河南省（豫）,410000,南阳市,411300,淅川县,411326
区县,河南省（豫）,410000,南阳市,411300,社旗县,411327
区县,河南省（豫）,410000,南阳市,411300,唐河县,411328
区县,河南省（豫）,410000,南阳市,411300,新野县,411329
区县,河南省（豫）,410000,南阳市,411300,桐柏县,411330
城市,河南省（豫）,410000,商丘市,411400
区县,河南省（豫）,410000,商丘市,411400,梁园区,411402
区县,河南省（豫）,410000,商丘市,411400,睢阳区,411403
区县,河南省（豫）,410000,商丘市,411400,永城市,411481
区县,河南省（豫）,410000,商丘市,411400,民权县,411421
区县,河南省（豫）,410000,商丘市,411400,睢县,411422
区县,河南省（豫）,410000,商丘市,411400,宁陵县,411423
区县,河南省（豫）,410000,商丘市,411400,柘城县,411424
区县,河南省（豫）,410000,商丘市,411400,虞城县,411425
区县,河南省（豫）,410000,商丘市,411400,夏邑县,411426
城市,河南省（豫）,410000,信阳市,411500
区县,河南省（豫）,410000,信阳市,411500,浉河区,411502
区县,河南省（豫）,410000,信阳市,411500,平桥区,411503
区县,河南省（豫）,410000,信阳市,411500,罗山县,411521
区县,河南省（豫）,410000,信阳市,411500,光山县,411522
区县,河南省（豫）,410000,信阳市,411500,新县,411523
区县,河南省（豫）,410000,信阳市,411500,商城县,411524
区县,河南省（豫）,410000,信阳市,411500,固始县,411525
区县,河南省（豫）,410000,信阳市,411500,潢川县,411526
区县,河南省（豫）,410000,信阳市,411500,淮滨县,411527
区县,河南省（豫）,410000,信阳市,411500,息县,411528
城市,河南省（豫）,410000,周口市,411600
区县,河南省（豫）,410000,周口市,411600,川汇区,411602
区县,河南省（豫）,410000,周口市,411600,淮阳区,411603
区县,河南省（豫）,410000,周口市,411600,项城市,411681
区县,河南省（豫）,410000,周口市,411600,扶沟县,411621
区县,河南省（豫）,410000,周口市,411600,西华县,411622
区县,河南省（豫）,410000,周口市,411600,商水县,411623
区县,河南省（豫）,410000,周口市,411600,沈丘县,411624
区县,河南省（豫）,410000,周口市,411600,郸城县,411625
区县,河南省（豫）,410000,周口市,411600,太康县,411627
区县,河南省（豫）,410000,周口市,411600,鹿邑县,411628
城市,河南省（豫）,410000,驻马店市,411700
区县,河南省（豫）,410000,驻马店市,411700,驿城区,411702
区县,河南省（豫）,410000,驻马店市,411700,西平县,411721
区县,河南省（豫）,410000,驻马店市,411700,上蔡县,411722
区县,河南省（豫）,410000,驻马店市,411700,平舆县,411723
区县,河南省（豫）,410000,驻马店市,411700,正阳县,411724
区县,河南省（豫）,410000,驻马店市,411700,确山县,411725
区县,河南省（豫）,410000,驻马店市,411700,泌阳县,411726
区县,河南省（豫）,410000,驻马店市,411700,汝南县,411727
区县,河南省（豫）,410000,驻马店市,411700,遂平县,411728
区县,河南省（豫）,410000,驻马店市,411700,新蔡县,411729
城市,河南省（豫）,410000,省直辖县级行政单位,
区县,河南省（豫）,410000,省直辖县级行政单位,,济源市,419001
省份,湖北省（鄂）,420000
城市,湖北省（鄂）,420000,武汉市,420100
区县,湖北省（鄂）,420000,武汉市,420100,江岸区,420102
区县,湖北省（鄂）,420000,武汉市,420100,江汉区,420103
区县,湖北省（鄂）,420000,武汉市,420100,硚口区,420104
区县,湖北省（鄂）,420000,武汉市,420100,汉阳区,420105
区县,湖北省（鄂）,420000,武汉市,420100,武昌区,420106
区县,湖北省（鄂）,420000,武汉市,420100,青山区,420107
区县,湖北省（鄂）,420000,武汉市,420100,洪山区,420111
区县,湖北省（鄂）,420000,武汉市,420100,东西湖区,420112
区县,湖北省（鄂）,420000,武汉市,420100,汉南区,420113
区县,湖北省（鄂）,420000,武汉市,420100,蔡甸区,420114
区县,湖北省（鄂）,420000,武汉市,420100,江夏区,420115
区县,湖北省（鄂）,420000,武汉市,420100,黄陂区,420116
区县,湖北省（鄂）,420000,武汉市,420100,新洲区,420117
城市,湖北省（鄂）,420000,黄石市,420200
区县,湖北省（鄂）,420000,黄石市,420200,下陆区,420204
区县,湖北省（鄂）,420000,黄石市,420200,黄石港区,420202
区县,湖北省（鄂）,420000,黄石市,420200,西塞山区,420203
区县,湖北省（鄂）,420000,黄石市,420200,铁山区,420205
区县,湖北省（鄂）,420000,黄石市,420200,大冶市,420281
区县,湖北省（鄂）,420000,黄石市,420200,阳新县,420222
城市,湖北省（鄂）,420000,十堰市,420300
区县,湖北省（鄂）,420000,十堰市,420300,茅箭区,420302
区县,湖北省（鄂）,420000,十堰市,420300,张湾区,420303
区县,湖北省（鄂）,420000,十堰市,420300,郧阳区,420304
区县,湖北省（鄂）,420000,十堰市,420300,丹江口市,420381
区县,湖北省（鄂）,420000,十堰市,420300,郧西县,420322
区县,湖北省（鄂）,420000,十堰市,420300,竹山县,420323
区县,湖北省（鄂）,420000,十堰市,420300,竹溪县,420324
区县,湖北省（鄂）,420000,十堰市,420300,房县,420325
城市,湖北省（鄂）,420000,宜昌市,420500
区县,湖北省（鄂）,420000,宜昌市,420500,西陵区,420502
区县,湖北省（鄂）,420000,宜昌市,420500,伍家岗区,420503
区县,湖北省（鄂）,420000,宜昌市,420500,点军区,420504
区县,湖北省（鄂）,420000,宜昌市,420500,猇亭区,420505
区县,湖北省（鄂）,420000,宜昌市,420500,夷陵区,420506
区县,湖北省（鄂）,420000,宜昌市,420500,宜都市,420581
区县,湖北省（鄂）,420000,宜昌市,420500,当阳市,420582
区县,湖北省（鄂）,420000,宜昌市,420500,枝江市,420583
区县,湖北省（鄂）,420000,宜昌市,420500,远安县,420525
区县,湖北省（鄂）,420000,宜昌市,420500,兴山县,420526
区县,湖北省（鄂）,420000,宜昌市,420500,秭归县,420527
区县,湖北省（鄂）,420000,宜昌市,420500,长阳土家族自治县,420528
区县,湖北省（鄂）,420000,宜昌市,420500,五峰土家族自治县,420529
城市,湖北省（鄂）,420000,襄阳市,420600
区县,湖北省（鄂）,420000,襄阳市,420600,襄城区,420602
区县,湖北省（鄂）,420000,襄阳市,420600,樊城区,420606
区县,湖北省（鄂）,420000,襄阳市,420600,襄州区,420607
区县,湖北省（鄂）,420000,襄阳市,420600,老河口市,420682
区县,湖北省（鄂）,420000,襄阳市,420600,枣阳市,420683
区县,湖北省（鄂）,420000,襄阳市,420600,宜城市,420684
区县,湖北省（鄂）,420000,襄阳市,420600,南漳县,420624
区县,湖北省（鄂）,420000,襄阳市,420600,谷城县,420625
区县,湖北省（鄂）,420000,襄阳市,420600,保康县,420626
城市,湖北省（鄂）,420000,鄂州市,420700
区县,湖北省（鄂）,420000,鄂州市,420700,鄂城区,420704
区县,湖北省（鄂）,420000,鄂州市,420700,梁子湖区,420702
区县,湖北省（鄂）,420000,鄂州市,420700,华容区,420703
城市,湖北省（鄂）,420000,荆门市,420800
区县,湖北省（鄂）,420000,荆门市,420800,东宝区,420802
区县,湖北省（鄂）,420000,荆门市,420800,掇刀区,420804
区县,湖北省（鄂）,420000,荆门市,420800,钟祥市,420881
区县,湖北省（鄂）,420000,荆门市,420800,京山市,420882
区县,湖北省（鄂）,420000,荆门市,420800,沙洋县,420822
城市,湖北省（鄂）,420000,孝感市,420900
区县,湖北省（鄂）,420000,孝感市,420900,孝南区,420902
区县,湖北省（鄂）,420000,孝感市,420900,应城市,420981
区县,湖北省（鄂）,420000,孝感市,420900,安陆市,420982
区县,湖北省（鄂）,420000,孝感市,420900,汉川市,420984
区县,湖北省（鄂）,420000,孝感市,420900,孝昌县,420921
区县,湖北省（鄂）,420000,孝感市,420900,大悟县,420922
区县,湖北省（鄂）,420000,孝感市,420900,云梦县,420923
城市,湖北省（鄂）,420000,荆州市,421000
区县,湖北省（鄂）,420000,荆州市,421000,沙市区,421002
区县,湖北省（鄂）,420000,荆州市,421000,荆州区,421003
区县,湖北省（鄂）,420000,荆州市,421000,石首市,421081
区县,湖北省（鄂）,420000,荆州市,421000,洪湖市,421083
区县,湖北省（鄂）,420000,荆州市,421000,松滋市,421087
区县,湖北省（鄂）,420000,荆州市,421000,监利市,421088
区县,湖北省（鄂）,420000,荆州市,421000,公安县,421022
区县,湖北省（鄂）,420000,荆州市,421000,江陵县,421024
城市,湖北省（鄂）,420000,黄冈市,421100
区县,湖北省（鄂）,420000,黄冈市,421100,黄州区,421102
区县,湖北省（鄂）,420000,黄冈市,421100,麻城市,421181
区县,湖北省（鄂）,420000,黄冈市,421100,武穴市,421182
区县,湖北省（鄂）,420000,黄冈市,421100,团风县,421121
区县,湖北省（鄂）,420000,黄冈市,421100,红安县,421122
区县,湖北省（鄂）,420000,黄冈市,421100,罗田县,421123
区县,湖北省（鄂）,420000,黄冈市,421100,英山县,421124
区县,湖北省（鄂）,420000,黄冈市,421100,浠水县,421125
区县,湖北省（鄂）,420000,黄冈市,421100,蕲春县,421126
区县,湖北省（鄂）,420000,黄冈市,421100,黄梅县,421127
城市,湖北省（鄂）,420000,咸宁市,421200
区县,湖北省（鄂）,420000,咸宁市,421200,咸安区,421202
区县,湖北省（鄂）,420000,咸宁市,421200,赤壁市,421281
区县,湖北省（鄂）,420000,咸宁市,421200,嘉鱼县,421221
区县,湖北省（鄂）,420000,咸宁市,421200,通城县,421222
区县,湖北省（鄂）,420000,咸宁市,421200,崇阳县,421223
区县,湖北省（鄂）,420000,咸宁市,421200,通山县,421224
城市,湖北省（鄂）,420000,随州市,421300
区县,湖北省（鄂）,420000,随州市,421300,曾都区,421303
区县,湖北省（鄂）,420000,随州市,421300,广水市,421381
区县,湖北省（鄂）,420000,随州市,421300,随县,421321
城市,湖北省（鄂）,420000,恩施土家族苗族自治州,422800
区县,湖北省（鄂）,420000,恩施土家族苗族自治州,422800,恩施市,422801
区县,湖北省（鄂）,420000,恩施土家族苗族自治州,422800,利川市,422802
区县,湖北省（鄂）,420000,恩施土家族苗族自治州,422800,建始县,422822
区县,湖北省（鄂）,420000,恩施土家族苗族自治州,422800,巴东县,422823
区县,湖北省（鄂）,420000,恩施土家族苗族自治州,422800,宣恩县,422825
区县,湖北省（鄂）,420000,恩施土家族苗族自治州,422800,咸丰县,422826
区县,湖北省（鄂）,420000,恩施土家族苗族自治州,422800,来凤县,422827
区县,湖北省（鄂）,420000,恩施土家族苗族自治州,422800,鹤峰县,422828
城市,湖北省（鄂）,420000,省直辖县级行政单位,
区县,湖北省（鄂）,420000,省直辖县级行政单位,,仙桃市,429004
区县,湖北省（鄂）,420000,省直辖县级行政单位,,潜江市,429005
区县,湖北省（鄂）,420000,省直辖县级行政单位,,天门市,429006
区县,湖北省（鄂）,420000,省直辖县级行政单位,,神农架林区,429021
省份,湖南省（湘）,430000
城市,湖南省（湘）,430000,长沙市,430100
区县,湖南省（湘）,430000,长沙市,430100,岳麓区,430104
区县,湖南省（湘）,430000,长沙市,430100,芙蓉区,430102
区县,湖南省（湘）,430000,长沙市,430100,天心区,430103
区县,湖南省（湘）,430000,长沙市,430100,开福区,430105
区县,湖南省（湘）,430000,长沙市,430100,雨花区,430111
区县,湖南省（湘）,430000,长沙市,430100,望城区,430112
区县,湖南省（湘）,430000,长沙市,430100,浏阳市,430181
区县,湖南省（湘）,430000,长沙市,430100,宁乡市,430182
区县,湖南省（湘）,430000,长沙市,430100,长沙县,430121
城市,湖南省（湘）,430000,株洲市,430200
区县,湖南省（湘）,430000,株洲市,430200,天元区,430211
区县,湖南省（湘）,430000,株洲市,430200,荷塘区,430202
区县,湖南省（湘）,430000,株洲市,430200,芦淞区,430203
区县,湖南省（湘）,430000,株洲市,430200,石峰区,430204
区县,湖南省（湘）,430000,株洲市,430200,渌口区,430212
区县,湖南省（湘）,430000,株洲市,430200,醴陵市,430281
区县,湖南省（湘）,430000,株洲市,430200,攸县,430223
区县,湖南省（湘）,430000,株洲市,430200,茶陵县,430224
区县,湖南省（湘）,430000,株洲市,430200,炎陵县,430225
城市,湖南省（湘）,430000,湘潭市,430300
区县,湖南省（湘）,430000,湘潭市,430300,岳塘区,430304
区县,湖南省（湘）,430000,湘潭市,430300,雨湖区,430302
区县,湖南省（湘）,430000,湘潭市,430300,湘乡市,430381
区县,湖南省（湘）,430000,湘潭市,430300,韶山市,430382
区县,湖南省（湘）,430000,湘潭市,430300,湘潭县,430321
城市,湖南省（湘）,430000,衡阳市,430400
区县,湖南省（湘）,430000,衡阳市,430400,蒸湘区,430408
区县,湖南省（湘）,430000,衡阳市,430400,珠晖区,430405
区县,湖南省（湘）,430000,衡阳市,430400,雁峰区,430406
区县,湖南省（湘）,430000,衡阳市,430400,石鼓区,430407
区县,湖南省（湘）,430000,衡阳市,430400,南岳区,430412
区县,湖南省（湘）,430000,衡阳市,430400,耒阳市,430481
区县,湖南省（湘）,430000,衡阳市,430400,常宁市,430482
区县,湖南省（湘）,430000,衡阳市,430400,衡阳县,430421
区县,湖南省（湘）,430000,衡阳市,430400,衡南县,430422
区县,湖南省（湘）,430000,衡阳市,430400,衡山县,430423
区县,湖南省（湘）,430000,衡阳市,430400,衡东县,430424
区县,湖南省（湘）,430000,衡阳市,430400,祁东县,430426
城市,湖南省（湘）,430000,邵阳市,430500
区县,湖南省（湘）,430000,邵阳市,430500,大祥区,430503
区县,湖南省（湘）,430000,邵阳市,430500,双清区,430502
区县,湖南省（湘）,430000,邵阳市,430500,北塔区,430511
区县,湖南省（湘）,430000,邵阳市,430500,武冈市,430581
区县,湖南省（湘）,430000,邵阳市,430500,邵东市,430582
区县,湖南省（湘）,430000,邵阳市,430500,新邵县,430522
区县,湖南省（湘）,430000,邵阳市,430500,邵阳县,430523
区县,湖南省（湘）,430000,邵阳市,430500,隆回县,430524
区县,湖南省（湘）,430000,邵阳市,430500,洞口县,430525
区县,湖南省（湘）,430000,邵阳市,430500,绥宁县,430527
区县,湖南省（湘）,430000,邵阳市,430500,新宁县,430528
区县,湖南省（湘）,430000,邵阳市,430500,城步苗族自治县,430529
城市,湖南省（湘）,430000,岳阳市,430600
区县,湖南省（湘）,430000,岳阳市,430600,岳阳楼区,430602
区县,湖南省（湘）,430000,岳阳市,430600,云溪区,430603
区县,湖南省（湘）,430000,岳阳市,430600,君山区,430611
区县,湖南省（湘）,430000,岳阳市,430600,汨罗市,430681
区县,湖南省（湘）,430000,岳阳市,430600,临湘市,430682
区县,湖南省（湘）,430000,岳阳市,430600,岳阳县,430621
区县,湖南省（湘）,430000,岳阳市,430600,华容县,430623
区县,湖南省（湘）,430000,岳阳市,430600,湘阴县,430624
区县,湖南省（湘）,430000,岳阳市,430600,平江县,430626
城市,湖南省（湘）,430000,常德市,430700
区县,湖南省（湘）,430000,常德市,430700,武陵区,430702
区县,湖南省（湘）,430000,常德市,430700,鼎城区,430703
区县,湖南省（湘）,430000,常德市,430700,津市市,430781
区县,湖南省（湘）,430000,常德市,430700,安乡县,430721
区县,湖南省（湘）,430000,常德市,430700,汉寿县,430722
区县,湖南省（湘）,430000,常德市,430700,澧县,430723
区县,湖南省（湘）,430000,常德市,430700,临澧县,430724
区县,湖南省（湘）,430000,常德市,430700,桃源县,430725
区县,湖南省（湘）,430000,常德市,430700,石门县,430726
城市,湖南省（湘）,430000,张家界市,430800
区县,湖南省（湘）,430000,张家界市,430800,永定区,430802
区县,湖南省（湘）,430000,张家界市,430800,武陵源区,430811
区县,湖南省（湘）,430000,张家界市,430800,慈利县,430821
区县,湖南省（湘）,430000,张家界市,430800,桑植县,430822
城市,湖南省（湘）,430000,益阳市,430900
区县,湖南省（湘）,430000,益阳市,430900,赫山区,430903
区县,湖南省（湘）,430000,益阳市,430900,资阳区,430902
区县,湖南省（湘）,430000,益阳市,430900,沅江市,430981
区县,湖南省（湘）,430000,益阳市,430900,南县,430921
区县,湖南省（湘）,430000,益阳市,430900,桃江县,430922
区县,湖南省（湘）,430000,益阳市,430900,安化县,430923
城市,湖南省（湘）,430000,郴州市,431000
区县,湖南省（湘）,430000,郴州市,431000,北湖区,431002
区县,湖南省（湘）,430000,郴州市,431000,苏仙区,431003
区县,湖南省（湘）,430000,郴州市,431000,资兴市,431081
区县,湖南省（湘）,430000,郴州市,431000,桂阳县,431021
区县,湖南省（湘）,430000,郴州市,431000,宜章县,431022
区县,湖南省（湘）,430000,郴州市,431000,永兴县,431023
区县,湖南省（湘）,430000,郴州市,431000,嘉禾县,431024
区县,湖南省（湘）,430000,郴州市,431000,临武县,431025
区县,湖南省（湘）,430000,郴州市,431000,汝城县,431026
区县,湖南省（湘）,430000,郴州市,431000,桂东县,431027
区县,湖南省（湘）,430000,郴州市,431000,安仁县,431028
城市,湖南省（湘）,430000,永州市,431100
区县,湖南省（湘）,430000,永州市,431100,冷水滩区,431103
区县,湖南省（湘）,430000,永州市,431100,零陵区,431102
区县,湖南省（湘）,430000,永州市,431100,祁阳市,431181
区县,湖南省（湘）,430000,永州市,431100,东安县,431122
区县,湖南省（湘）,430000,永州市,431100,双牌县,431123
区县,湖南省（湘）,430000,永州市,431100,道县,431124
区县,湖南省（湘）,430000,永州市,431100,江永县,431125
区县,湖南省（湘）,430000,永州市,431100,宁远县,431126
区县,湖南省（湘）,430000,永州市,431100,蓝山县,431127
区县,湖南省（湘）,430000,永州市,431100,新田县,431128
区县,湖南省（湘）,430000,永州市,431100,江华瑶族自治县,431129
城市,湖南省（湘）,430000,怀化市,431200
区县,湖南省（湘）,430000,怀化市,431200,鹤城区,431202
区县,湖南省（湘）,430000,怀化市,431200,洪江市,431281
区县,湖南省（湘）,430000,怀化市,431200,中方县,431221
区县,湖南省（湘）,430000,怀化市,431200,沅陵县,431222
区县,湖南省（湘）,430000,怀化市,431200,辰溪县,431223
区县,湖南省（湘）,430000,怀化市,431200,溆浦县,431224
区县,湖南省（湘）,430000,怀化市,431200,会同县,431225
区县,湖南省（湘）,430000,怀化市,431200,麻阳苗族自治县,431226
区县,湖南省（湘）,430000,怀化市,431200,新晃侗族自治县,431227
区县,湖南省（湘）,430000,怀化市,431200,芷江侗族自治县,431228
区县,湖南省（湘）,430000,怀化市,431200,靖州苗族侗族自治县,431229
区县,湖南省（湘）,430000,怀化市,431200,通道侗族自治县,431230
城市,湖南省（湘）,430000,娄底市,431300
区县,湖南省（湘）,430000,娄底市,431300,娄星区,431302
区县,湖南省（湘）,430000,娄底市,431300,冷水江市,431381
区县,湖南省（湘）,430000,娄底市,431300,涟源市,431382
区县,湖南省（湘）,430000,娄底市,431300,双峰县,431321
区县,湖南省（湘）,430000,娄底市,431300,新化县,431322
城市,湖南省（湘）,430000,湘西土家族苗族自治州,433100
区县,湖南省（湘）,430000,湘西土家族苗族自治州,433100,吉首市,433101
区县,湖南省（湘）,430000,湘西土家族苗族自治州,433100,泸溪县,433122
区县,湖南省（湘）,430000,湘西土家族苗族自治州,433100,凤凰县,433123
区县,湖南省（湘）,430000,湘西土家族苗族自治州,433100,花垣县,433124
区县,湖南省（湘）,430000,湘西土家族苗族自治州,433100,保靖县,433125
区县,湖南省（湘）,430000,湘西土家族苗族自治州,433100,古丈县,433126
区县,湖南省（湘）,430000,湘西土家族苗族自治州,433100,永顺县,433127
区县,湖南省（湘）,430000,湘西土家族苗族自治州,433100,龙山县,433130
省份,广东省（粤）,440000
城市,广东省（粤）,440000,广州市,440100
区县,广东省（粤）,440000,广州市,440100,越秀区,440104
区县,广东省（粤）,440000,广州市,440100,荔湾区,440103
区县,广东省（粤）,440000,广州市,440100,海珠区,440105
区县,广东省（粤）,440000,广州市,440100,天河区,440106
区县,广东省（粤）,440000,广州市,440100,白云区,440111
区县,广东省（粤）,440000,广州市,440100,黄埔区,440112
区县,广东省（粤）,440000,广州市,440100,番禺区,440113
区县,广东省（粤）,440000,广州市,440100,花都区,440114
区县,广东省（粤）,440000,广州市,440100,南沙区,440115
区县,广东省（粤）,440000,广州市,440100,从化区,440117
区县,广东省（粤）,440000,广州市,440100,增城区,440118
城市,广东省（粤）,440000,韶关市,440200
区县,广东省（粤）,440000,韶关市,440200,浈江区,440204
区县,广东省（粤）,440000,韶关市,440200,武江区,440203
区县,广东省（粤）,440000,韶关市,440200,曲江区,440205
区县,广东省（粤）,440000,韶关市,440200,乐昌市,440281
区县,广东省（粤）,440000,韶关市,440200,南雄市,440282
区县,广东省（粤）,440000,韶关市,440200,始兴县,440222
区县,广东省（粤）,440000,韶关市,440200,仁化县,440224
区县,广东省（粤）,440000,韶关市,440200,翁源县,440229
区县,广东省（粤）,440000,韶关市,440200,新丰县,440233
区县,广东省（粤）,440000,韶关市,440200,乳源瑶族自治县,440232
城市,广东省（粤）,440000,深圳市,440300
区县,广东省（粤）,440000,深圳市,440300,福田区,440304
区县,广东省（粤）,440000,深圳市,440300,罗湖区,440303
区县,广东省（粤）,440000,深圳市,440300,南山区,440305
区县,广东省（粤）,440000,深圳市,440300,宝安区,440306
区县,广东省（粤）,440000,深圳市,440300,龙岗区,440307
区县,广东省（粤）,440000,深圳市,440300,盐田区,440308
区县,广东省（粤）,440000,深圳市,440300,龙华区,440309
区县,广东省（粤）,440000,深圳市,440300,坪山区,440310
区县,广东省（粤）,440000,深圳市,440300,光明区,440311
城市,广东省（粤）,440000,珠海市,440400
区县,广东省（粤）,440000,珠海市,440400,香洲区,440402
区县,广东省（粤）,440000,珠海市,440400,斗门区,440403
区县,广东省（粤）,440000,珠海市,440400,金湾区,440404
城市,广东省（粤）,440000,汕头市,440500
区县,广东省（粤）,440000,汕头市,440500,金平区,440511
区县,广东省（粤）,440000,汕头市,440500,龙湖区,440507
区县,广东省（粤）,440000,汕头市,440500,濠江区,440512
区县,广东省（粤）,440000,汕头市,440500,潮阳区,440513
区县,广东省（粤）,440000,汕头市,440500,潮南区,440514
区县,广东省（粤）,440000,汕头市,440500,澄海区,440515
区县,广东省（粤）,440000,汕头市,440500,南澳县,440523
城市,广东省（粤）,440000,佛山市,440600
区县,广东省（粤）,440000,佛山市,440600,禅城区,440604
区县,广东省（粤）,440000,佛山市,440600,南海区,440605
区县,广东省（粤）,440000,佛山市,440600,顺德区,440606
区县,广东省（粤）,440000,佛山市,440600,三水区,440607
区县,广东省（粤）,440000,佛山市,440600,高明区,440608
城市,广东省（粤）,440000,江门市,440700
区县,广东省（粤）,440000,江门市,440700,蓬江区,440703
区县,广东省（粤）,440000,江门市,440700,江海区,440704
区县,广东省（粤）,440000,江门市,440700,新会区,440705
区县,广东省（粤）,440000,江门市,440700,台山市,440781
区县,广东省（粤）,440000,江门市,440700,开平市,440783
区县,广东省（粤）,440000,江门市,440700,鹤山市,440784
区县,广东省（粤）,440000,江门市,440700,恩平市,440785
城市,广东省（粤）,440000,湛江市,440800
区县,广东省（粤）,440000,湛江市,440800,赤坎区,440802
区县,广东省（粤）,440000,湛江市,440800,霞山区,440803
区县,广东省（粤）,440000,湛江市,440800,坡头区,440804
区县,广东省（粤）,440000,湛江市,440800,麻章区,440811
区县,广东省（粤）,440000,湛江市,440800,廉江市,440881
区县,广东省（粤）,440000,湛江市,440800,雷州市,440882
区县,广东省（粤）,440000,湛江市,440800,吴川市,440883
区县,广东省（粤）,440000,湛江市,440800,遂溪县,440823
区县,广东省（粤）,440000,湛江市,440800,徐闻县,440825
城市,广东省（粤）,440000,茂名市,440900
区县,广东省（粤）,440000,茂名市,440900,茂南区,440902
区县,广东省（粤）,440000,茂名市,440900,电白区,440904
区县,广东省（粤）,440000,茂名市,440900,高州市,440981
区县,广东省（粤）,440000,茂名市,440900,化州市,440982
区县,广东省（粤）,440000,茂名市,440900,信宜市,440983
城市,广东省（粤）,440000,肇庆市,441200
区县,广东省（粤）,440000,肇庆市,441200,端州区,441202
区县,广东省（粤）,440000,肇庆市,441200,鼎湖区,441203
区县,广东省（粤）,440000,肇庆市,441200,高要区,441204
区县,广东省（粤）,440000,肇庆市,441200,四会市,441284
区县,广东省（粤）,440000,肇庆市,441200,广宁县,441223
区县,广东省（粤）,440000,肇庆市,441200,怀集县,441224
区县,广东省（粤）,440000,肇庆市,441200,封开县,441225
区县,广东省（粤）,440000,肇庆市,441200,德庆县,441226
城市,广东省（粤）,440000,惠州市,441300
区县,广东省（粤）,440000,惠州市,441300,惠城区,441302
区县,广东省（粤）,440000,惠州市,441300,惠阳区,441303
区县,广东省（粤）,440000,惠州市,441300,博罗县,441322
区县,广东省（粤）,440000,惠州市,441300,惠东县,441323
区县,广东省（粤）,440000,惠州市,441300,龙门县,441324
城市,广东省（粤）,440000,梅州市,441400
区县,广东省（粤）,440000,梅州市,441400,梅江区,441402
区县,广东省（粤）,440000,梅州市,441400,梅县区,441403
区县,广东省（粤）,440000,梅州市,441400,兴宁市,441481
区县,广东省（粤）,440000,梅州市,441400,大埔县,441422
区县,广东省（粤）,440000,梅州市,441400,丰顺县,441423
区县,广东省（粤）,440000,梅州市,441400,五华县,441424
区县,广东省（粤）,440000,梅州市,441400,平远县,441426
区县,广东省（粤）,440000,梅州市,441400,蕉岭县,441427
城市,广东省（粤）,440000,汕尾市,441500
区县,广东省（粤）,440000,汕尾市,441500,城区,441502
区县,广东省（粤）,440000,汕尾市,441500,陆丰市,441581
区县,广东省（粤）,440000,汕尾市,441500,海丰县,441521
区县,广东省（粤）,440000,汕尾市,441500,陆河县,441523
城市,广东省（粤）,440000,河源市,441600
区县,广东省（粤）,440000,河源市,441600,源城区,441602
区县,广东省（粤）,440000,河源市,441600,紫金县,441621
区县,广东省（粤）,440000,河源市,441600,龙川县,441622
区县,广东省（粤）,440000,河源市,441600,连平县,441623
区县,广东省（粤）,440000,河源市,441600,和平县,441624
区县,广东省（粤）,440000,河源市,441600,东源县,441625
城市,广东省（粤）,440000,阳江市,441700
区县,广东省（粤）,440000,阳江市,441700,江城区,441702
区县,广东省（粤）,440000,阳江市,441700,阳东区,441704
区县,广东省（粤）,440000,阳江市,441700,阳春市,441781
区县,广东省（粤）,440000,阳江市,441700,阳西县,441721
城市,广东省（粤）,440000,清远市,441800
区县,广东省（粤）,440000,清远市,441800,清城区,441802
区县,广东省（粤）,440000,清远市,441800,清新区,441803
区县,广东省（粤）,440000,清远市,441800,英德市,441881
区县,广东省（粤）,440000,清远市,441800,连州市,441882
区县,广东省（粤）,440000,清远市,441800,佛冈县,441821
区县,广东省（粤）,440000,清远市,441800,阳山县,441823
区县,广东省（粤）,440000,清远市,441800,连山壮族瑶族自治县,441825
区县,广东省（粤）,440000,清远市,441800,连南瑶族自治县,441826
城市,广东省（粤）,440000,东莞市,441900
城市,广东省（粤）,440000,中山市,442000
城市,广东省（粤）,440000,潮州市,445100
区县,广东省（粤）,440000,潮州市,445100,湘桥区,445102
区县,广东省（粤）,440000,潮州市,445100,潮安区,445103
区县,广东省（粤）,440000,潮州市,445100,饶平县,445122
城市,广东省（粤）,440000,揭阳市,445200
区县,广东省（粤）,440000,揭阳市,445200,榕城区,445202
区县,广东省（粤）,440000,揭阳市,445200,揭东区,445203
区县,广东省（粤）,440000,揭阳市,445200,普宁市,445281
区县,广东省（粤）,440000,揭阳市,445200,揭西县,445222
区县,广东省（粤）,440000,揭阳市,445200,惠来县,445224
城市,广东省（粤）,440000,云浮市,445300
区县,广东省（粤）,440000,云浮市,445300,云城区,445302
区县,广东省（粤）,440000,云浮市,445300,云安区,445303
区县,广东省（粤）,440000,云浮市,445300,罗定市,445381
区县,广东省（粤）,440000,云浮市,445300,新兴县,445321
区县,广东省（粤）,440000,云浮市,445300,郁南县,445322
省份,广西壮族自治区（桂）,450000
城市,广西壮族自治区（桂）,450000,南宁市,450100
区县,广西壮族自治区（桂）,450000,南宁市,450100,青秀区,450103
区县,广西壮族自治区（桂）,450000,南宁市,450100,兴宁区,450102
区县,广西壮族自治区（桂）,450000,南宁市,450100,江南区,450105
区县,广西壮族自治区（桂）,450000,南宁市,450100,西乡塘区,450107
区县,广西壮族自治区（桂）,450000,南宁市,450100,良庆区,450108
区县,广西壮族自治区（桂）,450000,南宁市,450100,邕宁区,450109
区县,广西壮族自治区（桂）,450000,南宁市,450100,武鸣区,450110
区县,广西壮族自治区（桂）,450000,南宁市,450100,横州市,450181
区县,广西壮族自治区（桂）,450000,南宁市,450100,隆安县,450123
区县,广西壮族自治区（桂）,450000,南宁市,450100,马山县,450124
区县,广西壮族自治区（桂）,450000,南宁市,450100,上林县,450125
区县,广西壮族自治区（桂）,450000,南宁市,450100,宾阳县,450126
城市,广西壮族自治区（桂）,450000,柳州市,450200
区县,广西壮族自治区（桂）,450000,柳州市,450200,柳北区,450205
区县,广西壮族自治区（桂）,450000,柳州市,450200,城中区,450202
区县,广西壮族自治区（桂）,450000,柳州市,450200,鱼峰区,450203
区县,广西壮族自治区（桂）,450000,柳州市,450200,柳南区,450204
区县,广西壮族自治区（桂）,450000,柳州市,450200,柳江区,450206
区县,广西壮族自治区（桂）,450000,柳州市,450200,柳城县,450222
区县,广西壮族自治区（桂）,450000,柳州市,450200,鹿寨县,450223
区县,广西壮族自治区（桂）,450000,柳州市,450200,融安县,450224
区县,广西壮族自治区（桂）,450000,柳州市,450200,融水苗族自治县,450225
区县,广西壮族自治区（桂）,450000,柳州市,450200,三江侗族自治县,450226
城市,广西壮族自治区（桂）,450000,桂林市,450300
区县,广西壮族自治区（桂）,450000,桂林市,450300,临桂区,450312
区县,广西壮族自治区（桂）,450000,桂林市,450300,秀峰区,450302
区县,广西壮族自治区（桂）,450000,桂林市,450300,叠彩区,450303
区县,广西壮族自治区（桂）,450000,桂林市,450300,象山区,450304
区县,广西壮族自治区（桂）,450000,桂林市,450300,七星区,450305
区县,广西壮族自治区（桂）,450000,桂林市,450300,雁山区,450311
区县,广西壮族自治区（桂）,450000,桂林市,450300,阳朔县,450321
区县,广西壮族自治区（桂）,450000,桂林市,450300,灵川县,450323
区县,广西壮族自治区（桂）,450000,桂林市,450300,全州县,450324
区县,广西壮族自治区（桂）,450000,桂林市,450300,兴安县,450325
区县,广西壮族自治区（桂）,450000,桂林市,450300,永福县,450326
区县,广西壮族自治区（桂）,450000,桂林市,450300,灌阳县,450327
区县,广西壮族自治区（桂）,450000,桂林市,450300,资源县,450329
区县,广西壮族自治区（桂）,450000,桂林市,450300,平乐县,450330
区县,广西壮族自治区（桂）,450000,桂林市,450300,荔浦市,450381
区县,广西壮族自治区（桂）,450000,桂林市,450300,龙胜各族自治县,450328
区县,广西壮族自治区（桂）,450000,桂林市,450300,恭城瑶族自治县,450332
城市,广西壮族自治区（桂）,450000,梧州市,450400
区县,广西壮族自治区（桂）,450000,梧州市,450400,长洲区,450405
区县,广西壮族自治区（桂）,450000,梧州市,450400,万秀区,450403
区县,广西壮族自治区（桂）,450000,梧州市,450400,龙圩区,450406
区县,广西壮族自治区（桂）,450000,梧州市,450400,岑溪市,450481
区县,广西壮族自治区（桂）,450000,梧州市,450400,苍梧县,450421
区县,广西壮族自治区（桂）,450000,梧州市,450400,藤县,450422
区县,广西壮族自治区（桂）,450000,梧州市,450400,蒙山县,450423
城市,广西壮族自治区（桂）,450000,北海市,450500
区县,广西壮族自治区（桂）,450000,北海市,450500,海城区,450502
区县,广西壮族自治区（桂）,450000,北海市,450500,银海区,450503
区县,广西壮族自治区（桂）,450000,北海市,450500,铁山港区,450512
区县,广西壮族自治区（桂）,450000,北海市,450500,合浦县,450521
城市,广西壮族自治区（桂）,450000,防城港市,450600
区县,广西壮族自治区（桂）,450000,防城港市,450600,港口区,450602
区县,广西壮族自治区（桂）,450000,防城港市,450600,防城区,450603
区县,广西壮族自治区（桂）,450000,防城港市,450600,东兴市,450681
区县,广西壮族自治区（桂）,450000,防城港市,450600,上思县,450621
城市,广西壮族自治区（桂）,450000,钦州市,450700
区县,广西壮族自治区（桂）,450000,钦州市,450700,钦南区,450702
区县,广西壮族自治区（桂）,450000,钦州市,450700,钦北区,450703
区县,广西壮族自治区（桂）,450000,钦州市,450700,灵山县,450721
区县,广西壮族自治区（桂）,450000,钦州市,450700,浦北县,450722
城市,广西壮族自治区（桂）,450000,贵港市,450800
区县,广西壮族自治区（桂）,450000,贵港市,450800,港北区,450802
区县,广西壮族自治区（桂）,450000,贵港市,450800,港南区,450803
区县,广西壮族自治区（桂）,450000,贵港市,450800,覃塘区,450804
区县,广西壮族自治区（桂）,450000,贵港市,450800,桂平市,450881
区县,广西壮族自治区（桂）,450000,贵港市,450800,平南县,450821
城市,广西壮族自治区（桂）,450000,玉林市,450900
区县,广西壮族自治区（桂）,450000,玉林市,450900,玉州区,450902
区县,广西壮族自治区（桂）,450000,玉林市,450900,福绵区,450903
区县,广西壮族自治区（桂）,450000,玉林市,450900,北流市,450981
区县,广西壮族自治区（桂）,450000,玉林市,450900,容县,450921
区县,广西壮族自治区（桂）,450000,玉林市,450900,陆川县,450922
区县,广西壮族自治区（桂）,450000,玉林市,450900,博白县,450923
区县,广西壮族自治区（桂）,450000,玉林市,450900,兴业县,450924
城市,广西壮族自治区（桂）,450000,百色市,451000
区县,广西壮族自治区（桂）,450000,百色市,451000,右江区,451002
区县,广西壮族自治区（桂）,450000,百色市,451000,田阳区,451003
区县,广西壮族自治区（桂）,450000,百色市,451000,靖西市,451081
区县,广西壮族自治区（桂）,450000,百色市,451000,平果市,451082
区县,广西壮族自治区（桂）,450000,百色市,451000,田东县,451022
区县,广西壮族自治区（桂）,450000,百色市,451000,德保县,451024
区县,广西壮族自治区（桂）,450000,百色市,451000,那坡县,451026
区县,广西壮族自治区（桂）,450000,百色市,451000,凌云县,451027
区县,广西壮族自治区（桂）,450000,百色市,451000,乐业县,451028
区县,广西壮族自治区（桂）,450000,百色市,451000,田林县,451029
区县,广西壮族自治区（桂）,450000,百色市,451000,西林县,451030
区县,广西壮族自治区（桂）,450000,百色市,451000,隆林各族自治县,451031
城市,广西壮族自治区（桂）,450000,贺州市,451100
区县,广西壮族自治区（桂）,450000,贺州市,451100,八步区,451102
区县,广西壮族自治区（桂）,450000,贺州市,451100,平桂区,451103
区县,广西壮族自治区（桂）,450000,贺州市,451100,昭平县,451121
区县,广西壮族自治区（桂）,450000,贺州市,451100,钟山县,451122
区县,广西壮族自治区（桂）,450000,贺州市,451100,富川瑶族自治县,451123
城市,广西壮族自治区（桂）,450000,河池市,451200
区县,广西壮族自治区（桂）,450000,河池市,451200,宜州区,451203
区县,广西壮族自治区（桂）,450000,河池市,451200,金城江区,451202
区县,广西壮族自治区（桂）,450000,河池市,451200,南丹县,451221
区县,广西壮族自治区（桂）,450000,河池市,451200,天峨县,451222
区县,广西壮族自治区（桂）,450000,河池市,451200,凤山县,451223
区县,广西壮族自治区（桂）,450000,河池市,451200,东兰县,451224
区县,广西壮族自治区（桂）,450000,河池市,451200,罗城仫佬族自治县,451225
区县,广西壮族自治区（桂）,450000,河池市,451200,环江毛南族自治县,451226
区县,广西壮族自治区（桂）,450000,河池市,451200,巴马瑶族自治县,451227
区县,广西壮族自治区（桂）,450000,河池市,451200,都安瑶族自治县,451228
区县,广西壮族自治区（桂）,450000,河池市,451200,大化瑶族自治县,451229
城市,广西壮族自治区（桂）,450000,来宾市,451300
区县,广西壮族自治区（桂）,450000,来宾市,451300,兴宾区,451302
区县,广西壮族自治区（桂）,450000,来宾市,451300,合山市,451381
区县,广西壮族自治区（桂）,450000,来宾市,451300,忻城县,451321
区县,广西壮族自治区（桂）,450000,来宾市,451300,象州县,451322
区县,广西壮族自治区（桂）,450000,来宾市,451300,武宣县,451323
区县,广西壮族自治区（桂）,450000,来宾市,451300,金秀瑶族自治县,451324
城市,广西壮族自治区（桂）,450000,崇左市,451400
区县,广西壮族自治区（桂）,450000,崇左市,451400,江州区,451402
区县,广西壮族自治区（桂）,450000,崇左市,451400,凭祥市,451481
区县,广西壮族自治区（桂）,450000,崇左市,451400,扶绥县,451421
区县,广西壮族自治区（桂）,450000,崇左市,451400,宁明县,451422
区县,广西壮族自治区（桂）,450000,崇左市,451400,龙州县,451423
区县,广西壮族自治区（桂）,450000,崇左市,451400,大新县,451424
区县,广西壮族自治区（桂）,450000,崇左市,451400,天等县,451425
省份,海南省（琼）,460000
城市,海南省（琼）,460000,海口市,460100
区县,海南省（琼）,460000,海口市,460100,龙华区,460106
区县,海南省（琼）,460000,海口市,460100,秀英区,460105
区县,海南省（琼）,460000,海口市,460100,琼山区,460107
区县,海南省（琼）,460000,海口市,460100,美兰区,460108
城市,海南省（琼）,460000,三亚市,460200
区县,海南省（琼）,460000,三亚市,460200,吉阳区,460203
区县,海南省（琼）,460000,三亚市,460200,海棠区,460202
区县,海南省（琼）,460000,三亚市,460200,天涯区,460204
区县,海南省（琼）,460000,三亚市,460200,崖州区,460205
城市,海南省（琼）,460000,三沙市,460300
区县,海南省（琼）,460000,三沙市,460300,西沙区,xisha_
区县,海南省（琼）,460000,三沙市,460300,南沙区,nansha
城市,海南省（琼）,460000,儋州市,460400
城市,海南省（琼）,460000,省直辖县级行政单位,
区县,海南省（琼）,460000,省直辖县级行政单位,,五指山市,469001
区县,海南省（琼）,460000,省直辖县级行政单位,,琼海市,469002
区县,海南省（琼）,460000,省直辖县级行政单位,,文昌市,469005
区县,海南省（琼）,460000,省直辖县级行政单位,,万宁市,469006
区县,海南省（琼）,460000,省直辖县级行政单位,,东方市,469007
区县,海南省（琼）,460000,省直辖县级行政单位,,定安县,469021
区县,海南省（琼）,460000,省直辖县级行政单位,,屯昌县,469022
区县,海南省（琼）,460000,省直辖县级行政单位,,澄迈县,469023
区县,海南省（琼）,460000,省直辖县级行政单位,,临高县,469024
区县,海南省（琼）,460000,省直辖县级行政单位,,白沙黎族自治县,469025
区县,海南省（琼）,460000,省直辖县级行政单位,,昌江黎族自治县,469026
区县,海南省（琼）,460000,省直辖县级行政单位,,乐东黎族自治县,469027
区县,海南省（琼）,460000,省直辖县级行政单位,,陵水黎族自治县,469028
区县,海南省（琼）,460000,省直辖县级行政单位,,保亭黎族苗族自治县,469029
区县,海南省（琼）,460000,省直辖县级行政单位,,琼中黎族苗族自治县,469030
省份,重庆市（渝）,500000
城市,重庆市（渝）,500000,重庆市,500000
区县,重庆市（渝）,500000,重庆市,500000,渝中区,500103
区县,重庆市（渝）,500000,重庆市,500000,万州区,500101
区县,重庆市（渝）,500000,重庆市,500000,涪陵区,500102
区县,重庆市（渝）,500000,重庆市,500000,大渡口区,500104
区县,重庆市（渝）,500000,重庆市,500000,江北区,500105
区县,重庆市（渝）,500000,重庆市,500000,沙坪坝区,500106
区县,重庆市（渝）,500000,重庆市,500000,九龙坡区,500107
区县,重庆市（渝）,500000,重庆市,500000,南岸区,500108
区县,重庆市（渝）,500000,重庆市,500000,北碚区,500109
区县,重庆市（渝）,500000,重庆市,500000,綦江区,500110
区县,重庆市（渝）,500000,重庆市,500000,大足区,500111
区县,重庆市（渝）,500000,重庆市,500000,渝北区,500112
区县,重庆市（渝）,500000,重庆市,500000,巴南区,500113
区县,重庆市（渝）,500000,重庆市,500000,黔江区,500114
区县,重庆市（渝）,500000,重庆市,500000,长寿区,500115
区县,重庆市（渝）,500000,重庆市,500000,江津区,500116
区县,重庆市（渝）,500000,重庆市,500000,合川区,500117
区县,重庆市（渝）,500000,重庆市,500000,永川区,500118
区县,重庆市（渝）,500000,重庆市,500000,南川区,500119
区县,重庆市（渝）,500000,重庆市,500000,璧山区,500120
区县,重庆市（渝）,500000,重庆市,500000,铜梁区,500151
区县,重庆市（渝）,500000,重庆市,500000,潼南区,500152
区县,重庆市（渝）,500000,重庆市,500000,荣昌区,500153
区县,重庆市（渝）,500000,重庆市,500000,开州区,500154
区县,重庆市（渝）,500000,重庆市,500000,梁平区,500155
区县,重庆市（渝）,500000,重庆市,500000,武隆区,500156
区县,重庆市（渝）,500000,重庆市,500000,城口县,500229
区县,重庆市（渝）,500000,重庆市,500000,丰都县,500230
区县,重庆市（渝）,500000,重庆市,500000,垫江县,500231
区县,重庆市（渝）,500000,重庆市,500000,忠县,500233
区县,重庆市（渝）,500000,重庆市,500000,云阳县,500235
区县,重庆市（渝）,500000,重庆市,500000,奉节县,500236
区县,重庆市（渝）,500000,重庆市,500000,巫山县,500237
区县,重庆市（渝）,500000,重庆市,500000,巫溪县,500238
区县,重庆市（渝）,500000,重庆市,500000,石柱土家族自治县,500240
区县,重庆市（渝）,500000,重庆市,500000,秀山土家族苗族自治县,500241
区县,重庆市（渝）,500000,重庆市,500000,酉阳土家族苗族自治县,500242
区县,重庆市（渝）,500000,重庆市,500000,彭水苗族土家族自治县,500243
省份,四川省（川、蜀）,510000
城市,四川省（川、蜀）,510000,成都市,510100
区县,四川省（川、蜀）,510000,成都市,510100,武侯区,510107
区县,四川省（川、蜀）,510000,成都市,510100,锦江区,510104
区县,四川省（川、蜀）,510000,成都市,510100,青羊区,510105
区县,四川省（川、蜀）,510000,成都市,510100,金牛区,510106
区县,四川省（川、蜀）,510000,成都市,510100,成华区,510108
区县,四川省（川、蜀）,510000,成都市,510100,龙泉驿区,510112
区县,四川省（川、蜀）,510000,成都市,510100,青白江区,510113
区县,四川省（川、蜀）,510000,成都市,510100,新都区,510114
区县,四川省（川、蜀）,510000,成都市,510100,温江区,510115
区县,四川省（川、蜀）,510000,成都市,510100,双流区,510116
区县,四川省（川、蜀）,510000,成都市,510100,郫都区,510117
区县,四川省（川、蜀）,510000,成都市,510100,新津区,510118
区县,四川省（川、蜀）,510000,成都市,510100,都江堰市,510181
区县,四川省（川、蜀）,510000,成都市,510100,彭州市,510182
区县,四川省（川、蜀）,510000,成都市,510100,邛崃市,510183
区县,四川省（川、蜀）,510000,成都市,510100,崇州市,510184
区县,四川省（川、蜀）,510000,成都市,510100,简阳市,510185
区县,四川省（川、蜀）,510000,成都市,510100,金堂县,510121
区县,四川省（川、蜀）,510000,成都市,510100,大邑县,510129
区县,四川省（川、蜀）,510000,成都市,510100,蒲江县,510131
城市,四川省（川、蜀）,510000,自贡市,510300
区县,四川省（川、蜀）,510000,自贡市,510300,自流井区,510302
区县,四川省（川、蜀）,510000,自贡市,510300,贡井区,510303
区县,四川省（川、蜀）,510000,自贡市,510300,大安区,510304
区县,四川省（川、蜀）,510000,自贡市,510300,沿滩区,510311
区县,四川省（川、蜀）,510000,自贡市,510300,荣县,510321
区县,四川省（川、蜀）,510000,自贡市,510300,富顺县,510322
城市,四川省（川、蜀）,510000,攀枝花市,510400
区县,四川省（川、蜀）,510000,攀枝花市,510400,东区,510402
区县,四川省（川、蜀）,510000,攀枝花市,510400,西区,510403
区县,四川省（川、蜀）,510000,攀枝花市,510400,仁和区,510411
区县,四川省（川、蜀）,510000,攀枝花市,510400,米易县,510421
区县,四川省（川、蜀）,510000,攀枝花市,510400,盐边县,510422
城市,四川省（川、蜀）,510000,泸州市,510500
区县,四川省（川、蜀）,510000,泸州市,510500,江阳区,510502
区县,四川省（川、蜀）,510000,泸州市,510500,纳溪区,510503
区县,四川省（川、蜀）,510000,泸州市,510500,龙马潭区,510504
区县,四川省（川、蜀）,510000,泸州市,510500,泸县,510521
区县,四川省（川、蜀）,510000,泸州市,510500,合江县,510522
区县,四川省（川、蜀）,510000,泸州市,510500,叙永县,510524
区县,四川省（川、蜀）,510000,泸州市,510500,古蔺县,510525
城市,四川省（川、蜀）,510000,德阳市,510600
区县,四川省（川、蜀）,510000,德阳市,510600,旌阳区,510603
区县,四川省（川、蜀）,510000,德阳市,510600,罗江区,510604
区县,四川省（川、蜀）,510000,德阳市,510600,广汉市,510681
区县,四川省（川、蜀）,510000,德阳市,510600,什邡市,510682
区县,四川省（川、蜀）,510000,德阳市,510600,绵竹市,510683
区县,四川省（川、蜀）,510000,德阳市,510600,中江县,510623
城市,四川省（川、蜀）,510000,绵阳市,510700
区县,四川省（川、蜀）,510000,绵阳市,510700,涪城区,510703
区县,四川省（川、蜀）,510000,绵阳市,510700,游仙区,510704
区县,四川省（川、蜀）,510000,绵阳市,510700,安州区,510705
区县,四川省（川、蜀）,510000,绵阳市,510700,江油市,510781
区县,四川省（川、蜀）,510000,绵阳市,510700,三台县,510722
区县,四川省（川、蜀）,510000,绵阳市,510700,盐亭县,510723
区县,四川省（川、蜀）,510000,绵阳市,510700,梓潼县,510725
区县,四川省（川、蜀）,510000,绵阳市,510700,平武县,510727
区县,四川省（川、蜀）,510000,绵阳市,510700,北川羌族自治县,510726
城市,四川省（川、蜀）,510000,广元市,510800
区县,四川省（川、蜀）,510000,广元市,510800,利州区,510802
区县,四川省（川、蜀）,510000,广元市,510800,昭化区,510811
区县,四川省（川、蜀）,510000,广元市,510800,朝天区,510812
区县,四川省（川、蜀）,510000,广元市,510800,旺苍县,510821
区县,四川省（川、蜀）,510000,广元市,510800,青川县,510822
区县,四川省（川、蜀）,510000,广元市,510800,剑阁县,510823
区县,四川省（川、蜀）,510000,广元市,510800,苍溪县,510824
城市,四川省（川、蜀）,510000,遂宁市,510900
区县,四川省（川、蜀）,510000,遂宁市,510900,船山区,510903
区县,四川省（川、蜀）,510000,遂宁市,510900,安居区,510904
区县,四川省（川、蜀）,510000,遂宁市,510900,射洪市,510981
区县,四川省（川、蜀）,510000,遂宁市,510900,蓬溪县,510921
区县,四川省（川、蜀）,510000,遂宁市,510900,大英县,510923
城市,四川省（川、蜀）,510000,内江市,511000
区县,四川省（川、蜀）,510000,内江市,511000,市中区,511002
区县,四川省（川、蜀）,510000,内江市,511000,东兴区,511011
区县,四川省（川、蜀）,510000,内江市,511000,隆昌市,511083
区县,四川省（川、蜀）,510000,内江市,511000,威远县,511024
区县,四川省（川、蜀）,510000,内江市,511000,资中县,511025
城市,四川省（川、蜀）,510000,乐山市,511100
区县,四川省（川、蜀）,510000,乐山市,511100,市中区,511102
区县,四川省（川、蜀）,510000,乐山市,511100,沙湾区,511111
区县,四川省（川、蜀）,510000,乐山市,511100,五通桥区,511112
区县,四川省（川、蜀）,510000,乐山市,511100,金口河区,511113
区县,四川省（川、蜀）,510000,乐山市,511100,峨眉山市,511181
区县,四川省（川、蜀）,510000,乐山市,511100,犍为县,511123
区县,四川省（川、蜀）,510000,乐山市,511100,井研县,511124
区县,四川省（川、蜀）,510000,乐山市,511100,夹江县,511126
区县,四川省（川、蜀）,510000,乐山市,511100,沐川县,511129
区县,四川省（川、蜀）,510000,乐山市,511100,峨边彝族自治县,511132
区县,四川省（川、蜀）,510000,乐山市,511100,马边彝族自治县,511133
城市,四川省（川、蜀）,510000,南充市,511300
区县,四川省（川、蜀）,510000,南充市,511300,顺庆区,511302
区县,四川省（川、蜀）,510000,南充市,511300,高坪区,511303
区县,四川省（川、蜀）,510000,南充市,511300,嘉陵区,511304
区县,四川省（川、蜀）,510000,南充市,511300,阆中市,511381
区县,四川省（川、蜀）,510000,南充市,511300,南部县,511321
区县,四川省（川、蜀）,510000,南充市,511300,营山县,511322
区县,四川省（川、蜀）,510000,南充市,511300,蓬安县,511323
区县,四川省（川、蜀）,510000,南充市,511300,仪陇县,511324
区县,四川省（川、蜀）,510000,南充市,511300,西充县,511325
城市,四川省（川、蜀）,510000,眉山市,511400
区县,四川省（川、蜀）,510000,眉山市,511400,东坡区,511402
区县,四川省（川、蜀）,510000,眉山市,511400,彭山区,511403
区县,四川省（川、蜀）,510000,眉山市,511400,仁寿县,511421
区县,四川省（川、蜀）,510000,眉山市,511400,洪雅县,511423
区县,四川省（川、蜀）,510000,眉山市,511400,丹棱县,511424
区县,四川省（川、蜀）,510000,眉山市,511400,青神县,511425
城市,四川省（川、蜀）,510000,宜宾市,511500
区县,四川省（川、蜀）,510000,宜宾市,511500,翠屏区,511502
区县,四川省（川、蜀）,510000,宜宾市,511500,南溪区,511503
区县,四川省（川、蜀）,510000,宜宾市,511500,叙州区,511504
区县,四川省（川、蜀）,510000,宜宾市,511500,江安县,511523
区县,四川省（川、蜀）,510000,宜宾市,511500,长宁县,511524
区县,四川省（川、蜀）,510000,宜宾市,511500,高县,511525
区县,四川省（川、蜀）,510000,宜宾市,511500,珙县,511526
区县,四川省（川、蜀）,510000,宜宾市,511500,筠连县,511527
区县,四川省（川、蜀）,510000,宜宾市,511500,兴文县,511528
区县,四川省（川、蜀）,510000,宜宾市,511500,屏山县,511529
城市,四川省（川、蜀）,510000,广安市,511600
区县,四川省（川、蜀）,510000,广安市,511600,广安区,511602
区县,四川省（川、蜀）,510000,广安市,511600,前锋区,511603
区县,四川省（川、蜀）,510000,广安市,511600,华蓥市,511681
区县,四川省（川、蜀）,510000,广安市,511600,岳池县,511621
区县,四川省（川、蜀）,510000,广安市,511600,武胜县,511622
区县,四川省（川、蜀）,510000,广安市,511600,邻水县,511623
城市,四川省（川、蜀）,510000,达州市,511700
区县,四川省（川、蜀）,510000,达州市,511700,通川区,511702
区县,四川省（川、蜀）,510000,达州市,511700,达川区,511703
区县,四川省（川、蜀）,510000,达州市,511700,万源市,511781
区县,四川省（川、蜀）,510000,达州市,511700,宣汉县,511722
区县,四川省（川、蜀）,510000,达州市,511700,开江县,511723
区县,四川省（川、蜀）,510000,达州市,511700,大竹县,511724
区县,四川省（川、蜀）,510000,达州市,511700,渠县,511725
城市,四川省（川、蜀）,510000,雅安市,511800
区县,四川省（川、蜀）,510000,雅安市,511800,雨城区,511802
区县,四川省（川、蜀）,510000,雅安市,511800,名山区,511803
区县,四川省（川、蜀）,510000,雅安市,511800,荥经县,511822
区县,四川省（川、蜀）,510000,雅安市,511800,汉源县,511823
区县,四川省（川、蜀）,510000,雅安市,511800,石棉县,511824
区县,四川省（川、蜀）,510000,雅安市,511800,天全县,511825
区县,四川省（川、蜀）,510000,雅安市,511800,芦山县,511826
区县,四川省（川、蜀）,510000,雅安市,511800,宝兴县,511827
城市,四川省（川、蜀）,510000,巴中市,511900
区县,四川省（川、蜀）,510000,巴中市,511900,巴州区,511902
区县,四川省（川、蜀）,510000,巴中市,511900,恩阳区,511903
区县,四川省（川、蜀）,510000,巴中市,511900,通江县,511921
区县,四川省（川、蜀）,510000,巴中市,511900,南江县,511922
区县,四川省（川、蜀）,510000,巴中市,511900,平昌县,511923
城市,四川省（川、蜀）,510000,资阳市,512000
区县,四川省（川、蜀）,510000,资阳市,512000,雁江区,512002
区县,四川省（川、蜀）,510000,资阳市,512000,乐至县,512022
区县,四川省（川、蜀）,510000,资阳市,512000,安岳县,512021
城市,四川省（川、蜀）,510000,阿坝藏族羌族自治州,513200
区县,四川省（川、蜀）,510000,阿坝藏族羌族自治州,513200,马尔康市,513201
区县,四川省（川、蜀）,510000,阿坝藏族羌族自治州,513200,汶川县,513221
区县,四川省（川、蜀）,510000,阿坝藏族羌族自治州,513200,理县,513222
区县,四川省（川、蜀）,510000,阿坝藏族羌族自治州,513200,茂县,513223
区县,四川省（川、蜀）,510000,阿坝藏族羌族自治州,513200,松潘县,513224
区县,四川省（川、蜀）,510000,阿坝藏族羌族自治州,513200,九寨沟县,513225
区县,四川省（川、蜀）,510000,阿坝藏族羌族自治州,513200,金川县,513226
区县,四川省（川、蜀）,510000,阿坝藏族羌族自治州,513200,小金县,513227
区县,四川省（川、蜀）,510000,阿坝藏族羌族自治州,513200,黑水县,513228
区县,四川省（川、蜀）,510000,阿坝藏族羌族自治州,513200,壤塘县,513230
区县,四川省（川、蜀）,510000,阿坝藏族羌族自治州,513200,阿坝县,513231
区县,四川省（川、蜀）,510000,阿坝藏族羌族自治州,513200,若尔盖县,513232
区县,四川省（川、蜀）,510000,阿坝藏族羌族自治州,513200,红原县,513233
城市,四川省（川、蜀）,510000,甘孜藏族自治州,513300
区县,四川省（川、蜀）,510000,甘孜藏族自治州,513300,康定市,513301
区县,四川省（川、蜀）,510000,甘孜藏族自治州,513300,泸定县,513322
区县,四川省（川、蜀）,510000,甘孜藏族自治州,513300,丹巴县,513323
区县,四川省（川、蜀）,510000,甘孜藏族自治州,513300,九龙县,513324
区县,四川省（川、蜀）,510000,甘孜藏族自治州,513300,雅江县,513325
区县,四川省（川、蜀）,510000,甘孜藏族自治州,513300,道孚县,513326
区县,四川省（川、蜀）,510000,甘孜藏族自治州,513300,炉霍县,513327
区县,四川省（川、蜀）,510000,甘孜藏族自治州,513300,甘孜县,513328
区县,四川省（川、蜀）,510000,甘孜藏族自治州,513300,新龙县,513329
区县,四川省（川、蜀）,510000,甘孜藏族自治州,513300,德格县,513330
区县,四川省（川、蜀）,510000,甘孜藏族自治州,513300,白玉县,513331
区县,四川省（川、蜀）,510000,甘孜藏族自治州,513300,石渠县,513332
区县,四川省（川、蜀）,510000,甘孜藏族自治州,513300,色达县,513333
区县,四川省（川、蜀）,510000,甘孜藏族自治州,513300,理塘县,513334
区县,四川省（川、蜀）,510000,甘孜藏族自治州,513300,巴塘县,513335
区县,四川省（川、蜀）,510000,甘孜藏族自治州,513300,乡城县,513336
区县,四川省（川、蜀）,510000,甘孜藏族自治州,513300,稻城县,513337
区县,四川省（川、蜀）,510000,甘孜藏族自治州,513300,得荣县,513338
城市,四川省（川、蜀）,510000,凉山彝族自治州,513400
区县,四川省（川、蜀）,510000,凉山彝族自治州,513400,西昌市,513401
区县,四川省（川、蜀）,510000,凉山彝族自治州,513400,会理市,513402
区县,四川省（川、蜀）,510000,凉山彝族自治州,513400,盐源县,513423
区县,四川省（川、蜀）,510000,凉山彝族自治州,513400,德昌县,513424
区县,四川省（川、蜀）,510000,凉山彝族自治州,513400,会东县,513426
区县,四川省（川、蜀）,510000,凉山彝族自治州,513400,宁南县,513427
区县,四川省（川、蜀）,510000,凉山彝族自治州,513400,普格县,513428
区县,四川省（川、蜀）,510000,凉山彝族自治州,513400,布拖县,513429
区县,四川省（川、蜀）,510000,凉山彝族自治州,513400,金阳县,513430
区县,四川省（川、蜀）,510000,凉山彝族自治州,513400,昭觉县,513431
区县,四川省（川、蜀）,510000,凉山彝族自治州,513400,喜德县,513432
区县,四川省（川、蜀）,510000,凉山彝族自治州,513400,冕宁县,513433
区县,四川省（川、蜀）,510000,凉山彝族自治州,513400,越西县,513434
区县,四川省（川、蜀）,510000,凉山彝族自治州,513400,甘洛县,513435
区县,四川省（川、蜀）,510000,凉山彝族自治州,513400,美姑县,513436
区县,四川省（川、蜀）,510000,凉山彝族自治州,513400,雷波县,513437
区县,四川省（川、蜀）,510000,凉山彝族自治州,513400,木里藏族自治县,513422
省份,贵州省（黔、贵）,520000
城市,贵州省（黔、贵）,520000,贵阳市,520100
区县,贵州省（黔、贵）,520000,贵阳市,520100,乌当区,520112
区县,贵州省（黔、贵）,520000,贵阳市,520100,南明区,520102
区县,贵州省（黔、贵）,520000,贵阳市,520100,云岩区,520103
区县,贵州省（黔、贵）,520000,贵阳市,520100,花溪区,520111
区县,贵州省（黔、贵）,520000,贵阳市,520100,白云区,520113
区县,贵州省（黔、贵）,520000,贵阳市,520100,观山湖区,520115
区县,贵州省（黔、贵）,520000,贵阳市,520100,清镇市,520181
区县,贵州省（黔、贵）,520000,贵阳市,520100,开阳县,520121
区县,贵州省（黔、贵）,520000,贵阳市,520100,息烽县,520122
区县,贵州省（黔、贵）,520000,贵阳市,520100,修文县,520123
城市,贵州省（黔、贵）,520000,六盘水市,520200
区县,贵州省（黔、贵）,520000,六盘水市,520200,钟山区,520201
区县,贵州省（黔、贵）,520000,六盘水市,520200,水城区,520204
区县,贵州省（黔、贵）,520000,六盘水市,520200,盘州市,520281
区县,贵州省（黔、贵）,520000,六盘水市,520200,六枝特区,520203
城市,贵州省（黔、贵）,520000,遵义市,520300
区县,贵州省（黔、贵）,520000,遵义市,520300,汇川区,520303
区县,贵州省（黔、贵）,520000,遵义市,520300,红花岗区,520302
区县,贵州省（黔、贵）,520000,遵义市,520300,播州区,520304
区县,贵州省（黔、贵）,520000,遵义市,520300,赤水市,520381
区县,贵州省（黔、贵）,520000,遵义市,520300,仁怀市,520382
区县,贵州省（黔、贵）,520000,遵义市,520300,桐梓县,520322
区县,贵州省（黔、贵）,520000,遵义市,520300,绥阳县,520323
区县,贵州省（黔、贵）,520000,遵义市,520300,正安县,520324
区县,贵州省（黔、贵）,520000,遵义市,520300,凤冈县,520327
区县,贵州省（黔、贵）,520000,遵义市,520300,湄潭县,520328
区县,贵州省（黔、贵）,520000,遵义市,520300,余庆县,520329
区县,贵州省（黔、贵）,520000,遵义市,520300,习水县,520330
区县,贵州省（黔、贵）,520000,遵义市,520300,道真仡佬族苗族自治县,520325
区县,贵州省（黔、贵）,520000,遵义市,520300,务川仡佬族苗族自治县,520326
城市,贵州省（黔、贵）,520000,安顺市,520400
区县,贵州省（黔、贵）,520000,安顺市,520400,西秀区,520402
区县,贵州省（黔、贵）,520000,安顺市,520400,平坝区,520403
区县,贵州省（黔、贵）,520000,安顺市,520400,普定县,520422
区县,贵州省（黔、贵）,520000,安顺市,520400,镇宁布依族苗族自治县,520423
区县,贵州省（黔、贵）,520000,安顺市,520400,关岭布依族苗族自治县,520424
区县,贵州省（黔、贵）,520000,安顺市,520400,紫云苗族布依族自治县,520425
城市,贵州省（黔、贵）,520000,毕节市,520500
区县,贵州省（黔、贵）,520000,毕节市,520500,七星关区,520502
区县,贵州省（黔、贵）,520000,毕节市,520500,黔西市,520581
区县,贵州省（黔、贵）,520000,毕节市,520500,大方县,520521
区县,贵州省（黔、贵）,520000,毕节市,520500,金沙县,520523
区县,贵州省（黔、贵）,520000,毕节市,520500,织金县,520524
区县,贵州省（黔、贵）,520000,毕节市,520500,纳雍县,520525
区县,贵州省（黔、贵）,520000,毕节市,520500,赫章县,520527
区县,贵州省（黔、贵）,520000,毕节市,520500,威宁彝族回族苗族自治县,520526
城市,贵州省（黔、贵）,520000,铜仁市,520600
区县,贵州省（黔、贵）,520000,铜仁市,520600,碧江区,520602
区县,贵州省（黔、贵）,520000,铜仁市,520600,万山区,520603
区县,贵州省（黔、贵）,520000,铜仁市,520600,江口县,520621
区县,贵州省（黔、贵）,520000,铜仁市,520600,石阡县,520623
区县,贵州省（黔、贵）,520000,铜仁市,520600,思南县,520624
区县,贵州省（黔、贵）,520000,铜仁市,520600,德江县,520626
区县,贵州省（黔、贵）,520000,铜仁市,520600,玉屏侗族自治县,520622
区县,贵州省（黔、贵）,520000,铜仁市,520600,印江土家族苗族自治县,520625
区县,贵州省（黔、贵）,520000,铜仁市,520600,沿河土家族自治县,520627
区县,贵州省（黔、贵）,520000,铜仁市,520600,松桃苗族自治县,520628
城市,贵州省（黔、贵）,520000,黔西南布依族苗族自治州,522300
区县,贵州省（黔、贵）,520000,黔西南布依族苗族自治州,522300,兴义市,522301
区县,贵州省（黔、贵）,520000,黔西南布依族苗族自治州,522300,兴仁市,522302
区县,贵州省（黔、贵）,520000,黔西南布依族苗族自治州,522300,普安县,522323
区县,贵州省（黔、贵）,520000,黔西南布依族苗族自治州,522300,晴隆县,522324
区县,贵州省（黔、贵）,520000,黔西南布依族苗族自治州,522300,贞丰县,522325
区县,贵州省（黔、贵）,520000,黔西南布依族苗族自治州,522300,望谟县,522326
区县,贵州省（黔、贵）,520000,黔西南布依族苗族自治州,522300,册亨县,522327
区县,贵州省（黔、贵）,520000,黔西南布依族苗族自治州,522300,安龙县,522328
城市,贵州省（黔、贵）,520000,黔东南苗族侗族自治州,522600
区县,贵州省（黔、贵）,520000,黔东南苗族侗族自治州,522600,凯里市,522601
区县,贵州省（黔、贵）,520000,黔东南苗族侗族自治州,522600,黄平县,522622
区县,贵州省（黔、贵）,520000,黔东南苗族侗族自治州,522600,施秉县,522623
区县,贵州省（黔、贵）,520000,黔东南苗族侗族自治州,522600,三穗县,522624
区县,贵州省（黔、贵）,520000,黔东南苗族侗族自治州,522600,镇远县,522625
区县,贵州省（黔、贵）,520000,黔东南苗族侗族自治州,522600,岑巩县,522626
区县,贵州省（黔、贵）,520000,黔东南苗族侗族自治州,522600,天柱县,522627
区县,贵州省（黔、贵）,520000,黔东南苗族侗族自治州,522600,锦屏县,522628
区县,贵州省（黔、贵）,520000,黔东南苗族侗族自治州,522600,剑河县,522629
区县,贵州省（黔、贵）,520000,黔东南苗族侗族自治州,522600,台江县,522630
区县,贵州省（黔、贵）,520000,黔东南苗族侗族自治州,522600,黎平县,522631
区县,贵州省（黔、贵）,520000,黔东南苗族侗族自治州,522600,榕江县,522632
区县,贵州省（黔、贵）,520000,黔东南苗族侗族自治州,522600,从江县,522633
区县,贵州省（黔、贵）,520000,黔东南苗族侗族自治州,522600,雷山县,522634
区县,贵州省（黔、贵）,520000,黔东南苗族侗族自治州,522600,麻江县,522635
区县,贵州省（黔、贵）,520000,黔东南苗族侗族自治州,522600,丹寨县,522636
城市,贵州省（黔、贵）,520000,黔南布依族苗族自治州,522700
区县,贵州省（黔、贵）,520000,黔南布依族苗族自治州,522700,都匀市,522701
区县,贵州省（黔、贵）,520000,黔南布依族苗族自治州,522700,福泉市,522702
区县,贵州省（黔、贵）,520000,黔南布依族苗族自治州,522700,荔波县,522722
区县,贵州省（黔、贵）,520000,黔南布依族苗族自治州,522700,贵定县,522723
区县,贵州省（黔、贵）,520000,黔南布依族苗族自治州,522700,瓮安县,522725
区县,贵州省（黔、贵）,520000,黔南布依族苗族自治州,522700,独山县,522726
区县,贵州省（黔、贵）,520000,黔南布依族苗族自治州,522700,平塘县,522727
区县,贵州省（黔、贵）,520000,黔南布依族苗族自治州,522700,罗甸县,522728
区县,贵州省（黔、贵）,520000,黔南布依族苗族自治州,522700,长顺县,522729
区县,贵州省（黔、贵）,520000,黔南布依族苗族自治州,522700,龙里县,522730
区县,贵州省（黔、贵）,520000,黔南布依族苗族自治州,522700,惠水县,522731
区县,贵州省（黔、贵）,520000,黔南布依族苗族自治州,522700,三都水族自治县,522732
省份,云南省（滇、云）,530000
城市,云南省（滇、云）,530000,昆明市,530100
区县,云南省（滇、云）,530000,昆明市,530100,呈贡区,530114
区县,云南省（滇、云）,530000,昆明市,530100,五华区,530102
区县,云南省（滇、云）,530000,昆明市,530100,盘龙区,530103
区县,云南省（滇、云）,530000,昆明市,530100,官渡区,530111
区县,云南省（滇、云）,530000,昆明市,530100,西山区,530112
区县,云南省（滇、云）,530000,昆明市,530100,东川区,530113
区县,云南省（滇、云）,530000,昆明市,530100,晋宁区,530115
区县,云南省（滇、云）,530000,昆明市,530100,安宁市,530181
区县,云南省（滇、云）,530000,昆明市,530100,富民县,530124
区县,云南省（滇、云）,530000,昆明市,530100,宜良县,530125
区县,云南省（滇、云）,530000,昆明市,530100,嵩明县,530127
区县,云南省（滇、云）,530000,昆明市,530100,石林彝族自治县,530126
区县,云南省（滇、云）,530000,昆明市,530100,禄劝彝族苗族自治县,530128
区县,云南省（滇、云）,530000,昆明市,530100,寻甸回族彝族自治县,530129
城市,云南省（滇、云）,530000,曲靖市,530300
区县,云南省（滇、云）,530000,曲靖市,530300,麒麟区,530302
区县,云南省（滇、云）,530000,曲靖市,530300,沾益区,530303
区县,云南省（滇、云）,530000,曲靖市,530300,马龙区,530304
区县,云南省（滇、云）,530000,曲靖市,530300,宣威市,530381
区县,云南省（滇、云）,530000,曲靖市,530300,陆良县,530322
区县,云南省（滇、云）,530000,曲靖市,530300,师宗县,530323
区县,云南省（滇、云）,530000,曲靖市,530300,罗平县,530324
区县,云南省（滇、云）,530000,曲靖市,530300,富源县,530325
区县,云南省（滇、云）,530000,曲靖市,530300,会泽县,530326
城市,云南省（滇、云）,530000,玉溪市,530400
区县,云南省（滇、云）,530000,玉溪市,530400,红塔区,530402
区县,云南省（滇、云）,530000,玉溪市,530400,江川区,530403
区县,云南省（滇、云）,530000,玉溪市,530400,澄江市,530481
区县,云南省（滇、云）,530000,玉溪市,530400,通海县,530423
区县,云南省（滇、云）,530000,玉溪市,530400,华宁县,530424
区县,云南省（滇、云）,530000,玉溪市,530400,易门县,530425
区县,云南省（滇、云）,530000,玉溪市,530400,峨山彝族自治县,530426
区县,云南省（滇、云）,530000,玉溪市,530400,新平彝族傣族自治县,530427
区县,云南省（滇、云）,530000,玉溪市,530400,元江哈尼族彝族傣族自治县,530428
城市,云南省（滇、云）,530000,保山市,530500
区县,云南省（滇、云）,530000,保山市,530500,隆阳区,530502
区县,云南省（滇、云）,530000,保山市,530500,腾冲市,530581
区县,云南省（滇、云）,530000,保山市,530500,施甸县,530521
区县,云南省（滇、云）,530000,保山市,530500,龙陵县,530523
区县,云南省（滇、云）,530000,保山市,530500,昌宁县,530524
城市,云南省（滇、云）,530000,昭通市,530600
区县,云南省（滇、云）,530000,昭通市,530600,昭阳区,530602
区县,云南省（滇、云）,530000,昭通市,530600,水富市,530681
区县,云南省（滇、云）,530000,昭通市,530600,鲁甸县,530621
区县,云南省（滇、云）,530000,昭通市,530600,巧家县,530622
区县,云南省（滇、云）,530000,昭通市,530600,盐津县,530623
区县,云南省（滇、云）,530000,昭通市,530600,大关县,530624
区县,云南省（滇、云）,530000,昭通市,530600,永善县,530625
区县,云南省（滇、云）,530000,昭通市,530600,绥江县,530626
区县,云南省（滇、云）,530000,昭通市,530600,镇雄县,530627
区县,云南省（滇、云）,530000,昭通市,530600,彝良县,530628
区县,云南省（滇、云）,530000,昭通市,530600,威信县,530629
城市,云南省（滇、云）,530000,丽江市,530700
区县,云南省（滇、云）,530000,丽江市,530700,古城区,530702
区县,云南省（滇、云）,530000,丽江市,530700,永胜县,530722
区县,云南省（滇、云）,530000,丽江市,530700,华坪县,530723
区县,云南省（滇、云）,530000,丽江市,530700,玉龙纳西族自治县,530721
区县,云南省（滇、云）,530000,丽江市,530700,宁蒗彝族自治县,530724
城市,云南省（滇、云）,530000,普洱市,530800
区县,云南省（滇、云）,530000,普洱市,530800,思茅区,530802
区县,云南省（滇、云）,530000,普洱市,530800,宁洱哈尼族彝族自治县,530821
区县,云南省（滇、云）,530000,普洱市,530800,墨江哈尼族自治县,530822
区县,云南省（滇、云）,530000,普洱市,530800,景东彝族自治县,530823
区县,云南省（滇、云）,530000,普洱市,530800,景谷傣族彝族自治县,530824
区县,云南省（滇、云）,530000,普洱市,530800,镇沅彝族哈尼族拉祜族自治县,530825
区县,云南省（滇、云）,530000,普洱市,530800,江城哈尼族彝族自治县,530826
区县,云南省（滇、云）,530000,普洱市,530800,孟连傣族拉祜族佤族自治县,530827
区县,云南省（滇、云）,530000,普洱市,530800,澜沧拉祜族自治县,530828
区县,云南省（滇、云）,530000,普洱市,530800,西盟佤族自治县,530829
城市,云南省（滇、云）,530000,临沧市,530900
区县,云南省（滇、云）,530000,临沧市,530900,临翔区,530902
区县,云南省（滇、云）,530000,临沧市,530900,凤庆县,530921
区县,云南省（滇、云）,530000,临沧市,530900,云县,530922
区县,云南省（滇、云）,530000,临沧市,530900,永德县,530923
区县,云南省（滇、云）,530000,临沧市,530900,镇康县,530924
区县,云南省（滇、云）,530000,临沧市,530900,双江拉祜族佤族布朗族傣族自治县,530925
区县,云南省（滇、云）,530000,临沧市,530900,耿马傣族佤族自治县,530926
区县,云南省（滇、云）,530000,临沧市,530900,沧源佤族自治县,530927
城市,云南省（滇、云）,530000,楚雄彝族自治州,532300
区县,云南省（滇、云）,530000,楚雄彝族自治州,532300,楚雄市,532301
区县,云南省（滇、云）,530000,楚雄彝族自治州,532300,禄丰市,532302
区县,云南省（滇、云）,530000,楚雄彝族自治州,532300,双柏县,532322
区县,云南省（滇、云）,530000,楚雄彝族自治州,532300,牟定县,532323
区县,云南省（滇、云）,530000,楚雄彝族自治州,532300,南华县,532324
区县,云南省（滇、云）,530000,楚雄彝族自治州,532300,姚安县,532325
区县,云南省（滇、云）,530000,楚雄彝族自治州,532300,大姚县,532326
区县,云南省（滇、云）,530000,楚雄彝族自治州,532300,永仁县,532327
区县,云南省（滇、云）,530000,楚雄彝族自治州,532300,元谋县,532328
区县,云南省（滇、云）,530000,楚雄彝族自治州,532300,武定县,532329
城市,云南省（滇、云）,530000,红河哈尼族彝族自治州,532500
区县,云南省（滇、云）,530000,红河哈尼族彝族自治州,532500,蒙自市,532503
区县,云南省（滇、云）,530000,红河哈尼族彝族自治州,532500,个旧市,532501
区县,云南省（滇、云）,530000,红河哈尼族彝族自治州,532500,开远市,532502
区县,云南省（滇、云）,530000,红河哈尼族彝族自治州,532500,弥勒市,532504
区县,云南省（滇、云）,530000,红河哈尼族彝族自治州,532500,建水县,532524
区县,云南省（滇、云）,530000,红河哈尼族彝族自治州,532500,石屏县,532525
区县,云南省（滇、云）,530000,红河哈尼族彝族自治州,532500,泸西县,532527
区县,云南省（滇、云）,530000,红河哈尼族彝族自治州,532500,元阳县,532528
区县,云南省（滇、云）,530000,红河哈尼族彝族自治州,532500,红河县,532529
区县,云南省（滇、云）,530000,红河哈尼族彝族自治州,532500,绿春县,532531
区县,云南省（滇、云）,530000,红河哈尼族彝族自治州,532500,屏边苗族自治县,532523
区县,云南省（滇、云）,530000,红河哈尼族彝族自治州,532500,金平苗族瑶族傣族自治县,532530
区县,云南省（滇、云）,530000,红河哈尼族彝族自治州,532500,河口瑶族自治县,532532
城市,云南省（滇、云）,530000,文山壮族苗族自治州,532600
区县,云南省（滇、云）,530000,文山壮族苗族自治州,532600,文山市,532601
区县,云南省（滇、云）,530000,文山壮族苗族自治州,532600,砚山县,532622
区县,云南省（滇、云）,530000,文山壮族苗族自治州,532600,西畴县,532623
区县,云南省（滇、云）,530000,文山壮族苗族自治州,532600,麻栗坡县,532624
区县,云南省（滇、云）,530000,文山壮族苗族自治州,532600,马关县,532625
区县,云南省（滇、云）,530000,文山壮族苗族自治州,532600,丘北县,532626
区县,云南省（滇、云）,530000,文山壮族苗族自治州,532600,广南县,532627
区县,云南省（滇、云）,530000,文山壮族苗族自治州,532600,富宁县,532628
城市,云南省（滇、云）,530000,西双版纳傣族自治州,532800
区县,云南省（滇、云）,530000,西双版纳傣族自治州,532800,景洪市,532801
区县,云南省（滇、云）,530000,西双版纳傣族自治州,532800,勐海县,532822
区县,云南省（滇、云）,530000,西双版纳傣族自治州,532800,勐腊县,532823
城市,云南省（滇、云）,530000,大理白族自治州,532900
区县,云南省（滇、云）,530000,大理白族自治州,532900,大理市,532901
区县,云南省（滇、云）,530000,大理白族自治州,532900,祥云县,532923
区县,云南省（滇、云）,530000,大理白族自治州,532900,宾川县,532924
区县,云南省（滇、云）,530000,大理白族自治州,532900,弥渡县,532925
区县,云南省（滇、云）,530000,大理白族自治州,532900,永平县,532928
区县,云南省（滇、云）,530000,大理白族自治州,532900,云龙县,532929
区县,云南省（滇、云）,530000,大理白族自治州,532900,洱源县,532930
区县,云南省（滇、云）,530000,大理白族自治州,532900,剑川县,532931
区县,云南省（滇、云）,530000,大理白族自治州,532900,鹤庆县,532932
区县,云南省（滇、云）,530000,大理白族自治州,532900,漾濞彝族自治县,532922
区县,云南省（滇、云）,530000,大理白族自治州,532900,南涧彝族自治县,532926
区县,云南省（滇、云）,530000,大理白族自治州,532900,巍山彝族回族自治县,532927
城市,云南省（滇、云）,530000,德宏傣族景颇族自治州,533100
区县,云南省（滇、云）,530000,德宏傣族景颇族自治州,533100,芒市,533103
区县,云南省（滇、云）,530000,德宏傣族景颇族自治州,533100,瑞丽市,533102
区县,云南省（滇、云）,530000,德宏傣族景颇族自治州,533100,梁河县,533122
区县,云南省（滇、云）,530000,德宏傣族景颇族自治州,533100,盈江县,533123
区县,云南省（滇、云）,530000,德宏傣族景颇族自治州,533100,陇川县,533124
城市,云南省（滇、云）,530000,怒江傈僳族自治州,533300
区县,云南省（滇、云）,530000,怒江傈僳族自治州,533300,泸水市,533301
区县,云南省（滇、云）,530000,怒江傈僳族自治州,533300,福贡县,533323
区县,云南省（滇、云）,530000,怒江傈僳族自治州,533300,贡山独龙族怒族自治县,533324
区县,云南省（滇、云）,530000,怒江傈僳族自治州,533300,兰坪白族普米族自治县,533325
城市,云南省（滇、云）,530000,迪庆藏族自治州,533400
区县,云南省（滇、云）,530000,迪庆藏族自治州,533400,香格里拉市,533401
区县,云南省（滇、云）,530000,迪庆藏族自治州,533400,德钦县,533422
区县,云南省（滇、云）,530000,迪庆藏族自治州,533400,维西傈僳族自治县,533423
省份,西藏自治区（藏）,540000
城市,西藏自治区（藏）,540000,拉萨市,540100
区县,西藏自治区（藏）,540000,拉萨市,540100,城关区,540102
区县,西藏自治区（藏）,540000,拉萨市,540100,堆龙德庆区,540103
区县,西藏自治区（藏）,540000,拉萨市,540100,达孜区,540104
区县,西藏自治区（藏）,540000,拉萨市,540100,林周县,540121
区县,西藏自治区（藏）,540000,拉萨市,540100,当雄县,540122
区县,西藏自治区（藏）,540000,拉萨市,540100,尼木县,540123
区县,西藏自治区（藏）,540000,拉萨市,540100,曲水县,540124
区县,西藏自治区（藏）,540000,拉萨市,540100,墨竹工卡县,540127
城市,西藏自治区（藏）,540000,日喀则市,540200
区县,西藏自治区（藏）,540000,日喀则市,540200,桑珠孜区,540202
区县,西藏自治区（藏）,540000,日喀则市,540200,南木林县,540221
区县,西藏自治区（藏）,540000,日喀则市,540200,江孜县,540222
区县,西藏自治区（藏）,540000,日喀则市,540200,定日县,540223
区县,西藏自治区（藏）,540000,日喀则市,540200,萨迦县,540224
区县,西藏自治区（藏）,540000,日喀则市,540200,拉孜县,540225
区县,西藏自治区（藏）,540000,日喀则市,540200,昂仁县,540226
区县,西藏自治区（藏）,540000,日喀则市,540200,谢通门县,540227
区县,西藏自治区（藏）,540000,日喀则市,540200,白朗县,540228
区县,西藏自治区（藏）,540000,日喀则市,540200,仁布县,540229
区县,西藏自治区（藏）,540000,日喀则市,540200,康马县,540230
区县,西藏自治区（藏）,540000,日喀则市,540200,定结县,540231
区县,西藏自治区（藏）,540000,日喀则市,540200,仲巴县,540232
区县,西藏自治区（藏）,540000,日喀则市,540200,亚东县,540233
区县,西藏自治区（藏）,540000,日喀则市,540200,吉隆县,540234
区县,西藏自治区（藏）,540000,日喀则市,540200,聂拉木县,540235
区县,西藏自治区（藏）,540000,日喀则市,540200,萨嘎县,540236
区县,西藏自治区（藏）,540000,日喀则市,540200,岗巴县,540237
城市,西藏自治区（藏）,540000,昌都市,540300
区县,西藏自治区（藏）,540000,昌都市,540300,卡若区,540302
区县,西藏自治区（藏）,540000,昌都市,540300,江达县,540321
区县,西藏自治区（藏）,540000,昌都市,540300,贡觉县,540322
区县,西藏自治区（藏）,540000,昌都市,540300,类乌齐县,540323
区县,西藏自治区（藏）,540000,昌都市,540300,丁青县,540324
区县,西藏自治区（藏）,540000,昌都市,540300,察雅县,540325
区县,西藏自治区（藏）,540000,昌都市,540300,八宿县,540326
区县,西藏自治区（藏）,540000,昌都市,540300,左贡县,540327
区县,西藏自治区（藏）,540000,昌都市,540300,芒康县,540328
区县,西藏自治区（藏）,540000,昌都市,540300,洛隆县,540329
区县,西藏自治区（藏）,540000,昌都市,540300,边坝县,540330
城市,西藏自治区（藏）,540000,林芝市,540400
区县,西藏自治区（藏）,540000,林芝市,540400,巴宜区,540402
区县,西藏自治区（藏）,540000,林芝市,540400,米林市,540481
区县,西藏自治区（藏）,540000,林芝市,540400,工布江达县,540421
区县,西藏自治区（藏）,540000,林芝市,540400,墨脱县,540423
区县,西藏自治区（藏）,540000,林芝市,540400,波密县,540424
区县,西藏自治区（藏）,540000,林芝市,540400,察隅县,540425
区县,西藏自治区（藏）,540000,林芝市,540400,朗县,540426
城市,西藏自治区（藏）,540000,山南市,540500
区县,西藏自治区（藏）,540000,山南市,540500,乃东区,540502
区县,西藏自治区（藏）,540000,山南市,540500,错那市,540581
区县,西藏自治区（藏）,540000,山南市,540500,扎囊县,540521
区县,西藏自治区（藏）,540000,山南市,540500,贡嘎县,540522
区县,西藏自治区（藏）,540000,山南市,540500,桑日县,540523
区县,西藏自治区（藏）,540000,山南市,540500,琼结县,540524
区县,西藏自治区（藏）,540000,山南市,540500,曲松县,540525
区县,西藏自治区（藏）,540000,山南市,540500,措美县,540526
区县,西藏自治区（藏）,540000,山南市,540500,洛扎县,540527
区县,西藏自治区（藏）,540000,山南市,540500,加查县,540528
区县,西藏自治区（藏）,540000,山南市,540500,隆子县,540529
区县,西藏自治区（藏）,540000,山南市,540500,浪卡子县,540531
城市,西藏自治区（藏）,540000,那曲市,540600
区县,西藏自治区（藏）,540000,那曲市,540600,色尼区,540602
区县,西藏自治区（藏）,540000,那曲市,540600,嘉黎县,540621
区县,西藏自治区（藏）,540000,那曲市,540600,比如县,540622
区县,西藏自治区（藏）,540000,那曲市,540600,聂荣县,540623
区县,西藏自治区（藏）,540000,那曲市,540600,安多县,540624
区县,西藏自治区（藏）,540000,那曲市,540600,申扎县,540625
区县,西藏自治区（藏）,540000,那曲市,540600,索县,540626
区县,西藏自治区（藏）,540000,那曲市,540600,班戈县,540627
区县,西藏自治区（藏）,540000,那曲市,540600,巴青县,540628
区县,西藏自治区（藏）,540000,那曲市,540600,尼玛县,540629
区县,西藏自治区（藏）,540000,那曲市,540600,双湖县,540630
城市,西藏自治区（藏）,540000,阿里地区,542500
区县,西藏自治区（藏）,540000,阿里地区,542500,噶尔县,542523
区县,西藏自治区（藏）,540000,阿里地区,542500,普兰县,542521
区县,西藏自治区（藏）,540000,阿里地区,542500,札达县,542522
区县,西藏自治区（藏）,540000,阿里地区,542500,日土县,542524
区县,西藏自治区（藏）,540000,阿里地区,542500,革吉县,542525
区县,西藏自治区（藏）,540000,阿里地区,542500,改则县,542526
区县,西藏自治区（藏）,540000,阿里地区,542500,措勤县,542527
省份,陕西省（陕、秦）,610000
城市,陕西省（陕、秦）,610000,西安市,610100
区县,陕西省（陕、秦）,610000,西安市,610100,未央区,610112
区县,陕西省（陕、秦）,610000,西安市,610100,新城区,610102
区县,陕西省（陕、秦）,610000,西安市,610100,碑林区,610103
区县,陕西省（陕、秦）,610000,西安市,610100,莲湖区,610104
区县,陕西省（陕、秦）,610000,西安市,610100,灞桥区,610111
区县,陕西省（陕、秦）,610000,西安市,610100,雁塔区,610113
区县,陕西省（陕、秦）,610000,西安市,610100,阎良区,610114
区县,陕西省（陕、秦）,610000,西安市,610100,临潼区,610115
区县,陕西省（陕、秦）,610000,西安市,610100,长安区,610116
区县,陕西省（陕、秦）,610000,西安市,610100,高陵区,610117
区县,陕西省（陕、秦）,610000,西安市,610100,鄠邑区,610118
区县,陕西省（陕、秦）,610000,西安市,610100,蓝田县,610122
区县,陕西省（陕、秦）,610000,西安市,610100,周至县,610124
城市,陕西省（陕、秦）,610000,铜川市,610200
区县,陕西省（陕、秦）,610000,铜川市,610200,耀州区,610204
区县,陕西省（陕、秦）,610000,铜川市,610200,王益区,610202
区县,陕西省（陕、秦）,610000,铜川市,610200,印台区,610203
区县,陕西省（陕、秦）,610000,铜川市,610200,宜君县,610222
城市,陕西省（陕、秦）,610000,宝鸡市,610300
区县,陕西省（陕、秦）,610000,宝鸡市,610300,金台区,610303
区县,陕西省（陕、秦）,610000,宝鸡市,610300,渭滨区,610302
区县,陕西省（陕、秦）,610000,宝鸡市,610300,陈仓区,610304
区县,陕西省（陕、秦）,610000,宝鸡市,610300,凤翔区,610305
区县,陕西省（陕、秦）,610000,宝鸡市,610300,岐山县,610323
区县,陕西省（陕、秦）,610000,宝鸡市,610300,扶风县,610324
区县,陕西省（陕、秦）,610000,宝鸡市,610300,眉县,610326
区县,陕西省（陕、秦）,610000,宝鸡市,610300,陇县,610327
区县,陕西省（陕、秦）,610000,宝鸡市,610300,千阳县,610328
区县,陕西省（陕、秦）,610000,宝鸡市,610300,麟游县,610329
区县,陕西省（陕、秦）,610000,宝鸡市,610300,凤县,610330
区县,陕西省（陕、秦）,610000,宝鸡市,610300,太白县,610331
城市,陕西省（陕、秦）,610000,咸阳市,610400
区县,陕西省（陕、秦）,610000,咸阳市,610400,秦都区,610402
区县,陕西省（陕、秦）,610000,咸阳市,610400,杨陵区,610403
区县,陕西省（陕、秦）,610000,咸阳市,610400,渭城区,610404
区县,陕西省（陕、秦）,610000,咸阳市,610400,兴平市,610481
区县,陕西省（陕、秦）,610000,咸阳市,610400,彬州市,610482
区县,陕西省（陕、秦）,610000,咸阳市,610400,三原县,610422
区县,陕西省（陕、秦）,610000,咸阳市,610400,泾阳县,610423
区县,陕西省（陕、秦）,610000,咸阳市,610400,乾县,610424
区县,陕西省（陕、秦）,610000,咸阳市,610400,礼泉县,610425
区县,陕西省（陕、秦）,610000,咸阳市,610400,永寿县,610426
区县,陕西省（陕、秦）,610000,咸阳市,610400,长武县,610428
区县,陕西省（陕、秦）,610000,咸阳市,610400,旬邑县,610429
区县,陕西省（陕、秦）,610000,咸阳市,610400,淳化县,610430
区县,陕西省（陕、秦）,610000,咸阳市,610400,武功县,610431
城市,陕西省（陕、秦）,610000,渭南市,610500
区县,陕西省（陕、秦）,610000,渭南市,610500,临渭区,610502
区县,陕西省（陕、秦）,610000,渭南市,610500,韩城市,610581
区县,陕西省（陕、秦）,610000,渭南市,610500,华阴市,610582
区县,陕西省（陕、秦）,610000,渭南市,610500,华州区,610503
区县,陕西省（陕、秦）,610000,渭南市,610500,潼关县,610522
区县,陕西省（陕、秦）,610000,渭南市,610500,大荔县,610523
区县,陕西省（陕、秦）,610000,渭南市,610500,合阳县,610524
区县,陕西省（陕、秦）,610000,渭南市,610500,澄城县,610525
区县,陕西省（陕、秦）,610000,渭南市,610500,蒲城县,610526
区县,陕西省（陕、秦）,610000,渭南市,610500,白水县,610527
区县,陕西省（陕、秦）,610000,渭南市,610500,富平县,610528
城市,陕西省（陕、秦）,610000,延安市,610600
区县,陕西省（陕、秦）,610000,延安市,610600,宝塔区,610602
区县,陕西省（陕、秦）,610000,延安市,610600,安塞区,610603
区县,陕西省（陕、秦）,610000,延安市,610600,子长市,610681
区县,陕西省（陕、秦）,610000,延安市,610600,志丹县,610625
区县,陕西省（陕、秦）,610000,延安市,610600,延长县,610621
区县,陕西省（陕、秦）,610000,延安市,610600,延川县,610622
区县,陕西省（陕、秦）,610000,延安市,610600,吴起县,610626
区县,陕西省（陕、秦）,610000,延安市,610600,甘泉县,610627
区县,陕西省（陕、秦）,610000,延安市,610600,富县,610628
区县,陕西省（陕、秦）,610000,延安市,610600,洛川县,610629
区县,陕西省（陕、秦）,610000,延安市,610600,宜川县,610630
区县,陕西省（陕、秦）,610000,延安市,610600,黄龙县,610631
区县,陕西省（陕、秦）,610000,延安市,610600,黄陵县,610632
城市,陕西省（陕、秦）,610000,汉中市,610700
区县,陕西省（陕、秦）,610000,汉中市,610700,汉台区,610702
区县,陕西省（陕、秦）,610000,汉中市,610700,南郑区,610703
区县,陕西省（陕、秦）,610000,汉中市,610700,城固县,610722
区县,陕西省（陕、秦）,610000,汉中市,610700,洋县,610723
区县,陕西省（陕、秦）,610000,汉中市,610700,西乡县,610724
区县,陕西省（陕、秦）,610000,汉中市,610700,勉县,610725
区县,陕西省（陕、秦）,610000,汉中市,610700,宁强县,610726
区县,陕西省（陕、秦）,610000,汉中市,610700,略阳县,610727
区县,陕西省（陕、秦）,610000,汉中市,610700,镇巴县,610728
区县,陕西省（陕、秦）,610000,汉中市,610700,留坝县,610729
区县,陕西省（陕、秦）,610000,汉中市,610700,佛坪县,610730
城市,陕西省（陕、秦）,610000,榆林市,610800
区县,陕西省（陕、秦）,610000,榆林市,610800,榆阳区,610802
区县,陕西省（陕、秦）,610000,榆林市,610800,横山区,610803
区县,陕西省（陕、秦）,610000,榆林市,610800,神木市,610881
区县,陕西省（陕、秦）,610000,榆林市,610800,府谷县,610822
区县,陕西省（陕、秦）,610000,榆林市,610800,靖边县,610824
区县,陕西省（陕、秦）,610000,榆林市,610800,定边县,610825
区县,陕西省（陕、秦）,610000,榆林市,610800,绥德县,610826
区县,陕西省（陕、秦）,610000,榆林市,610800,米脂县,610827
区县,陕西省（陕、秦）,610000,榆林市,610800,佳县,610828
区县,陕西省（陕、秦）,610000,榆林市,610800,吴堡县,610829
区县,陕西省（陕、秦）,610000,榆林市,610800,清涧县,610830
区县,陕西省（陕、秦）,610000,榆林市,610800,子洲县,610831
城市,陕西省（陕、秦）,610000,安康市,610900
区县,陕西省（陕、秦）,610000,安康市,610900,汉滨区,610902
区县,陕西省（陕、秦）,610000,安康市,610900,旬阳市,610981
区县,陕西省（陕、秦）,610000,安康市,610900,汉阴县,610921
区县,陕西省（陕、秦）,610000,安康市,610900,石泉县,610922
区县,陕西省（陕、秦）,610000,安康市,610900,宁陕县,610923
区县,陕西省（陕、秦）,610000,安康市,610900,紫阳县,610924
区县,陕西省（陕、秦）,610000,安康市,610900,岚皋县,610925
区县,陕西省（陕、秦）,610000,安康市,610900,平利县,610926
区县,陕西省（陕、秦）,610000,安康市,610900,镇坪县,610927
区县,陕西省（陕、秦）,610000,安康市,610900,白河县,610929
城市,陕西省（陕、秦）,610000,商洛市,611000
区县,陕西省（陕、秦）,610000,商洛市,611000,商州区,611002
区县,陕西省（陕、秦）,610000,商洛市,611000,洛南县,611021
区县,陕西省（陕、秦）,610000,商洛市,611000,丹凤县,611022
区县,陕西省（陕、秦）,610000,商洛市,611000,商南县,611023
区县,陕西省（陕、秦）,610000,商洛市,611000,山阳县,611024
区县,陕西省（陕、秦）,610000,商洛市,611000,镇安县,611025
区县,陕西省（陕、秦）,610000,商洛市,611000,柞水县,611026
省份,甘肃省（甘、陇）,620000
城市,甘肃省（甘、陇）,620000,兰州市,620100
区县,甘肃省（甘、陇）,620000,兰州市,620100,城关区,620102
区县,甘肃省（甘、陇）,620000,兰州市,620100,七里河区,620103
区县,甘肃省（甘、陇）,620000,兰州市,620100,西固区,620104
区县,甘肃省（甘、陇）,620000,兰州市,620100,安宁区,620105
区县,甘肃省（甘、陇）,620000,兰州市,620100,红古区,620111
区县,甘肃省（甘、陇）,620000,兰州市,620100,永登县,620121
区县,甘肃省（甘、陇）,620000,兰州市,620100,皋兰县,620122
区县,甘肃省（甘、陇）,620000,兰州市,620100,榆中县,620123
城市,甘肃省（甘、陇）,620000,嘉峪关市,620200
城市,甘肃省（甘、陇）,620000,金昌市,620300
区县,甘肃省（甘、陇）,620000,金昌市,620300,金川区,620302
区县,甘肃省（甘、陇）,620000,金昌市,620300,永昌县,620321
城市,甘肃省（甘、陇）,620000,白银市,620400
区县,甘肃省（甘、陇）,620000,白银市,620400,白银区,620402
区县,甘肃省（甘、陇）,620000,白银市,620400,平川区,620403
区县,甘肃省（甘、陇）,620000,白银市,620400,靖远县,620421
区县,甘肃省（甘、陇）,620000,白银市,620400,会宁县,620422
区县,甘肃省（甘、陇）,620000,白银市,620400,景泰县,620423
城市,甘肃省（甘、陇）,620000,天水市,620500
区县,甘肃省（甘、陇）,620000,天水市,620500,秦州区,620502
区县,甘肃省（甘、陇）,620000,天水市,620500,麦积区,620503
区县,甘肃省（甘、陇）,620000,天水市,620500,清水县,620521
区县,甘肃省（甘、陇）,620000,天水市,620500,秦安县,620522
区县,甘肃省（甘、陇）,620000,天水市,620500,甘谷县,620523
区县,甘肃省（甘、陇）,620000,天水市,620500,武山县,620524
区县,甘肃省（甘、陇）,620000,天水市,620500,张家川回族自治县,620525
城市,甘肃省（甘、陇）,620000,武威市,620600
区县,甘肃省（甘、陇）,620000,武威市,620600,凉州区,620602
区县,甘肃省（甘、陇）,620000,武威市,620600,民勤县,620621
区县,甘肃省（甘、陇）,620000,武威市,620600,古浪县,620622
区县,甘肃省（甘、陇）,620000,武威市,620600,天祝藏族自治县,620623
城市,甘肃省（甘、陇）,620000,张掖市,620700
区县,甘肃省（甘、陇）,620000,张掖市,620700,甘州区,620702
区县,甘肃省（甘、陇）,620000,张掖市,620700,民乐县,620722
区县,甘肃省（甘、陇）,620000,张掖市,620700,临泽县,620723
区县,甘肃省（甘、陇）,620000,张掖市,620700,高台县,620724
区县,甘肃省（甘、陇）,620000,张掖市,620700,山丹县,620725
区县,甘肃省（甘、陇）,620000,张掖市,620700,肃南裕固族自治县,620721
城市,甘肃省（甘、陇）,620000,平凉市,620800
区县,甘肃省（甘、陇）,620000,平凉市,620800,崆峒区,620802
区县,甘肃省（甘、陇）,620000,平凉市,620800,华亭市,620881
区县,甘肃省（甘、陇）,620000,平凉市,620800,泾川县,620821
区县,甘肃省（甘、陇）,620000,平凉市,620800,灵台县,620822
区县,甘肃省（甘、陇）,620000,平凉市,620800,崇信县,620823
区县,甘肃省（甘、陇）,620000,平凉市,620800,庄浪县,620825
区县,甘肃省（甘、陇）,620000,平凉市,620800,静宁县,620826
城市,甘肃省（甘、陇）,620000,酒泉市,620900
区县,甘肃省（甘、陇）,620000,酒泉市,620900,肃州区,620902
区县,甘肃省（甘、陇）,620000,酒泉市,620900,玉门市,620981
区县,甘肃省（甘、陇）,620000,酒泉市,620900,敦煌市,620982
区县,甘肃省（甘、陇）,620000,酒泉市,620900,金塔县,620921
区县,甘肃省（甘、陇）,620000,酒泉市,620900,瓜州县,620922
区县,甘肃省（甘、陇）,620000,酒泉市,620900,肃北蒙古族自治县,620923
区县,甘肃省（甘、陇）,620000,酒泉市,620900,阿克塞哈萨克族自治县,620924
城市,甘肃省（甘、陇）,620000,庆阳市,621000
区县,甘肃省（甘、陇）,620000,庆阳市,621000,西峰区,621002
区县,甘肃省（甘、陇）,620000,庆阳市,621000,庆城县,621021
区县,甘肃省（甘、陇）,620000,庆阳市,621000,环县,621022
区县,甘肃省（甘、陇）,620000,庆阳市,621000,华池县,621023
区县,甘肃省（甘、陇）,620000,庆阳市,621000,合水县,621024
区县,甘肃省（甘、陇）,620000,庆阳市,621000,正宁县,621025
区县,甘肃省（甘、陇）,620000,庆阳市,621000,宁县,621026
区县,甘肃省（甘、陇）,620000,庆阳市,621000,镇原县,621027
城市,甘肃省（甘、陇）,620000,定西市,621100
区县,甘肃省（甘、陇）,620000,定西市,621100,安定区,621102
区县,甘肃省（甘、陇）,620000,定西市,621100,通渭县,621121
区县,甘肃省（甘、陇）,620000,定西市,621100,陇西县,621122
区县,甘肃省（甘、陇）,620000,定西市,621100,渭源县,621123
区县,甘肃省（甘、陇）,620000,定西市,621100,临洮县,621124
区县,甘肃省（甘、陇）,620000,定西市,621100,漳县,621125
区县,甘肃省（甘、陇）,620000,定西市,621100,岷县,621126
城市,甘肃省（甘、陇）,620000,陇南市,621200
区县,甘肃省（甘、陇）,620000,陇南市,621200,武都区,621202
区县,甘肃省（甘、陇）,620000,陇南市,621200,成县,621221
区县,甘肃省（甘、陇）,620000,陇南市,621200,文县,621222
区县,甘肃省（甘、陇）,620000,陇南市,621200,宕昌县,621223
区县,甘肃省（甘、陇）,620000,陇南市,621200,康县,621224
区县,甘肃省（甘、陇）,620000,陇南市,621200,西和县,621225
区县,甘肃省（甘、陇）,620000,陇南市,621200,礼县,621226
区县,甘肃省（甘、陇）,620000,陇南市,621200,徽县,621227
区县,甘肃省（甘、陇）,620000,陇南市,621200,两当县,621228
城市,甘肃省（甘、陇）,620000,临夏回族自治州,622900
区县,甘肃省（甘、陇）,620000,临夏回族自治州,622900,临夏市,622901
区县,甘肃省（甘、陇）,620000,临夏回族自治州,622900,临夏县,622921
区县,甘肃省（甘、陇）,620000,临夏回族自治州,622900,康乐县,622922
区县,甘肃省（甘、陇）,620000,临夏回族自治州,622900,永靖县,622923
区县,甘肃省（甘、陇）,620000,临夏回族自治州,622900,广河县,622924
区县,甘肃省（甘、陇）,620000,临夏回族自治州,622900,和政县,622925
区县,甘肃省（甘、陇）,620000,临夏回族自治州,622900,东乡族自治县,622926
区县,甘肃省（甘、陇）,620000,临夏回族自治州,622900,积石山保安族东乡族撒拉族自治县,622927
城市,甘肃省（甘、陇）,620000,甘南藏族自治州,623000
区县,甘肃省（甘、陇）,620000,甘南藏族自治州,623000,合作市,623001
区县,甘肃省（甘、陇）,620000,甘南藏族自治州,623000,临潭县,623021
区县,甘肃省（甘、陇）,620000,甘南藏族自治州,623000,卓尼县,623022
区县,甘肃省（甘、陇）,620000,甘南藏族自治州,623000,舟曲县,623023
区县,甘肃省（甘、陇）,620000,甘南藏族自治州,623000,迭部县,623024
区县,甘肃省（甘、陇）,620000,甘南藏族自治州,623000,玛曲县,623025
区县,甘肃省（甘、陇）,620000,甘南藏族自治州,623000,碌曲县,623026
区县,甘肃省（甘、陇）,620000,甘南藏族自治州,623000,夏河县,623027
省份,青海省（青）,630000
城市,青海省（青）,630000,西宁市,630100
区县,青海省（青）,630000,西宁市,630100,城中区,630103
区县,青海省（青）,630000,西宁市,630100,城东区,630102
区县,青海省（青）,630000,西宁市,630100,城西区,630104
区县,青海省（青）,630000,西宁市,630100,城北区,630105
区县,青海省（青）,630000,西宁市,630100,湟中区,630106
区县,青海省（青）,630000,西宁市,630100,湟源县,630123
区县,青海省（青）,630000,西宁市,630100,大通回族土族自治县,630121
城市,青海省（青）,630000,海东市,630200
区县,青海省（青）,630000,海东市,630200,乐都区,630202
区县,青海省（青）,630000,海东市,630200,平安区,630203
区县,青海省（青）,630000,海东市,630200,民和回族土族自治县,630222
区县,青海省（青）,630000,海东市,630200,互助土族自治县,630223
区县,青海省（青）,630000,海东市,630200,化隆回族自治县,630224
区县,青海省（青）,630000,海东市,630200,循化撒拉族自治县,630225
城市,青海省（青）,630000,海北藏族自治州,632200
区县,青海省（青）,630000,海北藏族自治州,632200,海晏县,632223
区县,青海省（青）,630000,海北藏族自治州,632200,祁连县,632222
区县,青海省（青）,630000,海北藏族自治州,632200,刚察县,632224
区县,青海省（青）,630000,海北藏族自治州,632200,门源回族自治县,632221
城市,青海省（青）,630000,黄南藏族自治州,632300
区县,青海省（青）,630000,黄南藏族自治州,632300,同仁市,632301
区县,青海省（青）,630000,黄南藏族自治州,632300,尖扎县,632322
区县,青海省（青）,630000,黄南藏族自治州,632300,泽库县,632323
区县,青海省（青）,630000,黄南藏族自治州,632300,河南蒙古族自治县,632324
城市,青海省（青）,630000,海南藏族自治州,632500
区县,青海省（青）,630000,海南藏族自治州,632500,共和县,632521
区县,青海省（青）,630000,海南藏族自治州,632500,同德县,632522
区县,青海省（青）,630000,海南藏族自治州,632500,贵德县,632523
区县,青海省（青）,630000,海南藏族自治州,632500,兴海县,632524
区县,青海省（青）,630000,海南藏族自治州,632500,贵南县,632525
城市,青海省（青）,630000,果洛藏族自治州,632600
区县,青海省（青）,630000,果洛藏族自治州,632600,玛沁县,632621
区县,青海省（青）,630000,果洛藏族自治州,632600,班玛县,632622
区县,青海省（青）,630000,果洛藏族自治州,632600,甘德县,632623
区县,青海省（青）,630000,果洛藏族自治州,632600,达日县,632624
区县,青海省（青）,630000,果洛藏族自治州,632600,久治县,632625
区县,青海省（青）,630000,果洛藏族自治州,632600,玛多县,632626
城市,青海省（青）,630000,玉树藏族自治州,632700
区县,青海省（青）,630000,玉树藏族自治州,632700,玉树市,632701
区县,青海省（青）,630000,玉树藏族自治州,632700,杂多县,632722
区县,青海省（青）,630000,玉树藏族自治州,632700,称多县,632723
区县,青海省（青）,630000,玉树藏族自治州,632700,治多县,632724
区县,青海省（青）,630000,玉树藏族自治州,632700,囊谦县,632725
区县,青海省（青）,630000,玉树藏族自治州,632700,曲麻莱县,632726
城市,青海省（青）,630000,海西蒙古族藏族自治州☆,632800
区县,青海省（青）,630000,海西蒙古族藏族自治州☆,632800,德令哈市,632802
区县,青海省（青）,630000,海西蒙古族藏族自治州☆,632800,格尔木市,632801
区县,青海省（青）,630000,海西蒙古族藏族自治州☆,632800,茫崖市,632803
区县,青海省（青）,630000,海西蒙古族藏族自治州☆,632800,乌兰县,632821
区县,青海省（青）,630000,海西蒙古族藏族自治州☆,632800,都兰县,632822
区县,青海省（青）,630000,海西蒙古族藏族自治州☆,632800,天峻县,632823
省份,宁夏回族自治区（宁）,640000
城市,宁夏回族自治区（宁）,640000,银川市,640100
区县,宁夏回族自治区（宁）,640000,银川市,640100,金凤区,640106
区县,宁夏回族自治区（宁）,640000,银川市,640100,兴庆区,640104
区县,宁夏回族自治区（宁）,640000,银川市,640100,西夏区,640105
区县,宁夏回族自治区（宁）,640000,银川市,640100,灵武市,640181
区县,宁夏回族自治区（宁）,640000,银川市,640100,永宁县,640121
区县,宁夏回族自治区（宁）,640000,银川市,640100,贺兰县,640122
城市,宁夏回族自治区（宁）,640000,石嘴山市,640200
区县,宁夏回族自治区（宁）,640000,石嘴山市,640200,大武口区,640202
区县,宁夏回族自治区（宁）,640000,石嘴山市,640200,惠农区,640205
区县,宁夏回族自治区（宁）,640000,石嘴山市,640200,平罗县,640221
城市,宁夏回族自治区（宁）,640000,吴忠市,640300
区县,宁夏回族自治区（宁）,640000,吴忠市,640300,利通区,640302
区县,宁夏回族自治区（宁）,640000,吴忠市,640300,红寺堡区,640303
区县,宁夏回族自治区（宁）,640000,吴忠市,640300,青铜峡市,640381
区县,宁夏回族自治区（宁）,640000,吴忠市,640300,盐池县,640323
区县,宁夏回族自治区（宁）,640000,吴忠市,640300,同心县,640324
城市,宁夏回族自治区（宁）,640000,固原市,640400
区县,宁夏回族自治区（宁）,640000,固原市,640400,原州区,640402
区县,宁夏回族自治区（宁）,640000,固原市,640400,西吉县,640422
区县,宁夏回族自治区（宁）,640000,固原市,640400,隆德县,640423
区县,宁夏回族自治区（宁）,640000,固原市,640400,泾源县,640424
区县,宁夏回族自治区（宁）,640000,固原市,640400,彭阳县,640425
城市,宁夏回族自治区（宁）,640000,中卫市,640500
区县,宁夏回族自治区（宁）,640000,中卫市,640500,沙坡头区,640502
区县,宁夏回族自治区（宁）,640000,中卫市,640500,中宁县,640521
区县,宁夏回族自治区（宁）,640000,中卫市,640500,海原县,640522
省份,新疆维吾尔自治区（新）,650000
城市,新疆维吾尔自治区（新）,650000,乌鲁木齐市,650100
区县,新疆维吾尔自治区（新）,650000,乌鲁木齐市,650100,天山区,650102
区县,新疆维吾尔自治区（新）,650000,乌鲁木齐市,650100,沙依巴克区,650103
区县,新疆维吾尔自治区（新）,650000,乌鲁木齐市,650100,新市区,650104
区县,新疆维吾尔自治区（新）,650000,乌鲁木齐市,650100,水磨沟区,650105
区县,新疆维吾尔自治区（新）,650000,乌鲁木齐市,650100,头屯河区,650106
区县,新疆维吾尔自治区（新）,650000,乌鲁木齐市,650100,达坂城区,650107
区县,新疆维吾尔自治区（新）,650000,乌鲁木齐市,650100,米东区,650109
区县,新疆维吾尔自治区（新）,650000,乌鲁木齐市,650100,乌鲁木齐县,650121
城市,新疆维吾尔自治区（新）,650000,克拉玛依市,650200
区县,新疆维吾尔自治区（新）,650000,克拉玛依市,650200,克拉玛依区,650203
区县,新疆维吾尔自治区（新）,650000,克拉玛依市,650200,独山子区,650202
区县,新疆维吾尔自治区（新）,650000,克拉玛依市,650200,白碱滩区,650204
区县,新疆维吾尔自治区（新）,650000,克拉玛依市,650200,乌尔禾区,650205
城市,新疆维吾尔自治区（新）,650000,吐鲁番市,650400
区县,新疆维吾尔自治区（新）,650000,吐鲁番市,650400,高昌区,650402
区县,新疆维吾尔自治区（新）,650000,吐鲁番市,650400,鄯善县,650421
区县,新疆维吾尔自治区（新）,650000,吐鲁番市,650400,托克逊县,650422
城市,新疆维吾尔自治区（新）,650000,哈密市,650500
区县,新疆维吾尔自治区（新）,650000,哈密市,650500,伊州区,650502
区县,新疆维吾尔自治区（新）,650000,哈密市,650500,巴里坤哈萨克自治县,650521
区县,新疆维吾尔自治区（新）,650000,哈密市,650500,伊吾县,650522
城市,新疆维吾尔自治区（新）,650000,阿克苏地区,652900
区县,新疆维吾尔自治区（新）,650000,阿克苏地区,652900,阿克苏市,652901
区县,新疆维吾尔自治区（新）,650000,阿克苏地区,652900,库车市,652902
区县,新疆维吾尔自治区（新）,650000,阿克苏地区,652900,温宿县,652922
区县,新疆维吾尔自治区（新）,650000,阿克苏地区,652900,沙雅县,652924
区县,新疆维吾尔自治区（新）,650000,阿克苏地区,652900,新和县,652925
区县,新疆维吾尔自治区（新）,650000,阿克苏地区,652900,拜城县,652926
区县,新疆维吾尔自治区（新）,650000,阿克苏地区,652900,乌什县,652927
区县,新疆维吾尔自治区（新）,650000,阿克苏地区,652900,阿瓦提县,652928
区县,新疆维吾尔自治区（新）,650000,阿克苏地区,652900,柯坪县,652929
城市,新疆维吾尔自治区（新）,650000,喀什地区,653100
区县,新疆维吾尔自治区（新）,650000,喀什地区,653100,喀什市,653101
区县,新疆维吾尔自治区（新）,650000,喀什地区,653100,疏附县,653121
区县,新疆维吾尔自治区（新）,650000,喀什地区,653100,疏勒县,653122
区县,新疆维吾尔自治区（新）,650000,喀什地区,653100,英吉沙县,653123
区县,新疆维吾尔自治区（新）,650000,喀什地区,653100,泽普县,653124
区县,新疆维吾尔自治区（新）,650000,喀什地区,653100,莎车县,653125
区县,新疆维吾尔自治区（新）,650000,喀什地区,653100,叶城县,653126
区县,新疆维吾尔自治区（新）,650000,喀什地区,653100,麦盖提县,653127
区县,新疆维吾尔自治区（新）,650000,喀什地区,653100,岳普湖县,653128
区县,新疆维吾尔自治区（新）,650000,喀什地区,653100,伽师县,653129
区县,新疆维吾尔自治区（新）,650000,喀什地区,653100,巴楚县,653130
区县,新疆维吾尔自治区（新）,650000,喀什地区,653100,塔什库尔干塔吉克自治县,653131
城市,新疆维吾尔自治区（新）,650000,和田地区,653200
区县,新疆维吾尔自治区（新）,650000,和田地区,653200,和田市,653201
区县,新疆维吾尔自治区（新）,650000,和田地区,653200,和田县,653221
区县,新疆维吾尔自治区（新）,650000,和田地区,653200,墨玉县,653222
区县,新疆维吾尔自治区（新）,650000,和田地区,653200,皮山县,653223
区县,新疆维吾尔自治区（新）,650000,和田地区,653200,洛浦县,653224
区县,新疆维吾尔自治区（新）,650000,和田地区,653200,策勒县,653225
区县,新疆维吾尔自治区（新）,650000,和田地区,653200,于田县,653226
区县,新疆维吾尔自治区（新）,650000,和田地区,653200,民丰县,653227
城市,新疆维吾尔自治区（新）,650000,昌吉回族自治州,652300
区县,新疆维吾尔自治区（新）,650000,昌吉回族自治州,652300,昌吉市,652301
区县,新疆维吾尔自治区（新）,650000,昌吉回族自治州,652300,阜康市,652302
区县,新疆维吾尔自治区（新）,650000,昌吉回族自治州,652300,呼图壁县,652323
区县,新疆维吾尔自治区（新）,650000,昌吉回族自治州,652300,玛纳斯县,652324
区县,新疆维吾尔自治区（新）,650000,昌吉回族自治州,652300,奇台县,652325
区县,新疆维吾尔自治区（新）,650000,昌吉回族自治州,652300,吉木萨尔县,652327
区县,新疆维吾尔自治区（新）,650000,昌吉回族自治州,652300,木垒哈萨克自治县,652328
城市,新疆维吾尔自治区（新）,650000,博尔塔拉蒙古自治州,652700
区县,新疆维吾尔自治区（新）,650000,博尔塔拉蒙古自治州,652700,博乐市,652701
区县,新疆维吾尔自治区（新）,650000,博尔塔拉蒙古自治州,652700,阿拉山口市,652702
区县,新疆维吾尔自治区（新）,650000,博尔塔拉蒙古自治州,652700,精河县,652722
区县,新疆维吾尔自治区（新）,650000,博尔塔拉蒙古自治州,652700,温泉县,652723
城市,新疆维吾尔自治区（新）,650000,巴音郭楞蒙古自治州,652800
区县,新疆维吾尔自治区（新）,650000,巴音郭楞蒙古自治州,652800,库尔勒市,652801
区县,新疆维吾尔自治区（新）,650000,巴音郭楞蒙古自治州,652800,轮台县,652822
区县,新疆维吾尔自治区（新）,650000,巴音郭楞蒙古自治州,652800,尉犁县,652823
区县,新疆维吾尔自治区（新）,650000,巴音郭楞蒙古自治州,652800,若羌县,652824
区县,新疆维吾尔自治区（新）,650000,巴音郭楞蒙古自治州,652800,且末县,652825
区县,新疆维吾尔自治区（新）,650000,巴音郭楞蒙古自治州,652800,和静县,652827
区县,新疆维吾尔自治区（新）,650000,巴音郭楞蒙古自治州,652800,和硕县,652828
区县,新疆维吾尔自治区（新）,650000,巴音郭楞蒙古自治州,652800,博湖县,652829
区县,新疆维吾尔自治区（新）,650000,巴音郭楞蒙古自治州,652800,焉耆回族自治县,652826
城市,新疆维吾尔自治区（新）,650000,克孜勒苏柯尔克孜自治州,653000
区县,新疆维吾尔自治区（新）,650000,克孜勒苏柯尔克孜自治州,653000,阿图什市,653001
区县,新疆维吾尔自治区（新）,650000,克孜勒苏柯尔克孜自治州,653000,阿克陶县,653022
区县,新疆维吾尔自治区（新）,650000,克孜勒苏柯尔克孜自治州,653000,阿合奇县,653023
区县,新疆维吾尔自治区（新）,650000,克孜勒苏柯尔克孜自治州,653000,乌恰县,653024
城市,新疆维吾尔自治区（新）,650000,伊犁哈萨克自治州☆,654000
区县,新疆维吾尔自治区（新）,650000,伊犁哈萨克自治州☆,654000,伊宁市,654002
区县,新疆维吾尔自治区（新）,650000,伊犁哈萨克自治州☆,654000,奎屯市,654003
区县,新疆维吾尔自治区（新）,650000,伊犁哈萨克自治州☆,654000,霍尔果斯市,654004
区县,新疆维吾尔自治区（新）,650000,伊犁哈萨克自治州☆,654000,伊宁县,654021
区县,新疆维吾尔自治区（新）,650000,伊犁哈萨克自治州☆,654000,霍城县,654023
区县,新疆维吾尔自治区（新）,650000,伊犁哈萨克自治州☆,654000,巩留县,654024
区县,新疆维吾尔自治区（新）,650000,伊犁哈萨克自治州☆,654000,新源县,654025
区县,新疆维吾尔自治区（新）,650000,伊犁哈萨克自治州☆,654000,昭苏县,654026
区县,新疆维吾尔自治区（新）,650000,伊犁哈萨克自治州☆,654000,特克斯县,654027
区县,新疆维吾尔自治区（新）,650000,伊犁哈萨克自治州☆,654000,尼勒克县,654028
区县,新疆维吾尔自治区（新）,650000,伊犁哈萨克自治州☆,654000,察布查尔锡伯自治县,654022
城市,新疆维吾尔自治区（新）,650000,塔城地区,654200
区县,新疆维吾尔自治区（新）,650000,塔城地区,654200,塔城市,654201
区县,新疆维吾尔自治区（新）,650000,塔城地区,654200,乌苏市,654202
区县,新疆维吾尔自治区（新）,650000,塔城地区,654200,沙湾市,654203
区县,新疆维吾尔自治区（新）,650000,塔城地区,654200,额敏县,654221
区县,新疆维吾尔自治区（新）,650000,塔城地区,654200,托里县,654224
区县,新疆维吾尔自治区（新）,650000,塔城地区,654200,裕民县,654225
区县,新疆维吾尔自治区（新）,650000,塔城地区,654200,和布克赛尔蒙古自治县,654226
城市,新疆维吾尔自治区（新）,650000,阿勒泰地区,654300
区县,新疆维吾尔自治区（新）,650000,阿勒泰地区,654300,阿勒泰市,654301
区县,新疆维吾尔自治区（新）,650000,阿勒泰地区,654300,布尔津县,654321
区县,新疆维吾尔自治区（新）,650000,阿勒泰地区,654300,富蕴县,654322
区县,新疆维吾尔自治区（新）,650000,阿勒泰地区,654300,福海县,654323
区县,新疆维吾尔自治区（新）,650000,阿勒泰地区,654300,哈巴河县,654324
区县,新疆维吾尔自治区（新）,650000,阿勒泰地区,654300,青河县,654325
区县,新疆维吾尔自治区（新）,650000,阿勒泰地区,654300,吉木乃县,654326
城市,新疆维吾尔自治区（新）,650000,自治区直辖县级行政单位,
区县,新疆维吾尔自治区（新）,650000,自治区直辖县级行政单位,,石河子市,659001
区县,新疆维吾尔自治区（新）,650000,自治区直辖县级行政单位,,阿拉尔市,659002
区县,新疆维吾尔自治区（新）,650000,自治区直辖县级行政单位,,图木舒克市,659003
区县,新疆维吾尔自治区（新）,650000,自治区直辖县级行政单位,,五家渠市,659004
区县,新疆维吾尔自治区（新）,650000,自治区直辖县级行政单位,,北屯市,659005
区县,新疆维吾尔自治区（新）,650000,自治区直辖县级行政单位,,铁门关市,659006
区县,新疆维吾尔自治区（新）,650000,自治区直辖县级行政单位,,双河市,659007
区县,新疆维吾尔自治区（新）,650000,自治区直辖县级行政单位,,可克达拉市,659008
区县,新疆维吾尔自治区（新）,650000,自治区直辖县级行政单位,,昆玉市,659009
区县,新疆维吾尔自治区（新）,650000,自治区直辖县级行政单位,,胡杨河市,659010
区县,新疆维吾尔自治区（新）,650000,自治区直辖县级行政单位,,新星市,659011
区县,新疆维吾尔自治区（新）,650000,自治区直辖县级行政单位,,白杨市,659012
省份,香港特别行政区（港）,810000
省份,澳门特别行政区（澳）,820000
